Species,block,parameter,count,mean,std,min,max,q2.5,q15.9,q25,q50,q75,q84.1,q97.5
Alder,param,a0,200,0.23632371590723406,0.03239128272421661,0.1437119307587551,0.3241324382916837,0.1709891118123719,0.2078413211466948,0.21873686814404142,0.23295945246116717,0.25669144032271224,0.2673358803664516,0.3038090436165316
Alder,param,a_DBH_cm,200,-0.09216952912843246,0.052247236886601316,-0.2336663040995393,0.0471350971580943,-0.1923343309098779,-0.14115011515210762,-0.1277945394613311,-0.09081787627186785,-0.060720347692818324,-0.04486280357388838,0.017514142680362076
Alder,param,a_H_m,200,1.0531742271212763,0.09381402598587518,0.8344651781836299,1.3226632557228415,0.8746063346238424,0.9611075447676798,0.9976356962972593,1.0533816748699816,1.0999559204304683,1.1354281240653004,1.2516775629167984
Alder,param,a_BA_sq_m_sq_m,200,1.0159101388106886,0.02129475669566177,0.95895838115349,1.0738586363244425,0.971551885544364,0.9965776964125532,1.0031101420427517,1.0152373237660264,1.0318226211494725,1.0377338464417063,1.053501504158508
Alder,SE,SE_a0,200,0.053128635592326744,0.007928259169559517,0.0290219206729196,0.0723877653642748,0.037209658493731174,0.0445554335470549,0.0479680770223746,0.0529282033302126,0.058124388740462746,0.060964113115628785,0.06847604939755716
Alder,SE,SE_a_DBH_cm,200,0.07819442331369747,0.005686706760639189,0.063736395421988,0.0912197726139556,0.06645512693166591,0.07202130399088574,0.07451110867527867,0.07911045984563969,0.08199177264973985,0.08333223675874987,0.08688003976204858
Alder,SE,SE_a_H_m,200,0.13669281160925878,0.009661442909695622,0.1096445655002315,0.1590519287158897,0.11614461212557474,0.12562941858512594,0.13054567000409883,0.13890544858778137,0.14331933590200113,0.14564712690397824,0.15162089660628347
Alder,SE,SE_a_BA_sq_m_sq_m,200,0.04591432387281987,0.0033878526713975736,0.0373576091321464,0.0530730176543215,0.0386464662702995,0.041927041707528194,0.04351453970576885,0.04673486058355105,0.0484902042618189,0.04917318116267217,0.05061253774846211
Alder,CI95_lo,CI95_lo_a0,200,0.1307417168622945,0.019514239184798568,0.0837800467420207,0.1871235840113074,0.09364827435635992,0.11464171816854155,0.11910839867472703,0.12766557514481616,0.14231272025016614,0.15024368100610114,0.1773165525768292
Alder,CI95_lo,CI95_lo_a_DBH_cm,200,-0.24756451406606161,0.054289973709230624,-0.398647202285851,-0.0965826163063587,-0.351802314107002,-0.30015005999111355,-0.28321878732014144,-0.24884657732079496,-0.21776535707358785,-0.19744210473214338,-0.13169021732773223
Alder,CI95_lo,CI95_lo_a_H_m,200,0.78152598801492,0.09506669659535998,0.56954184569451,1.0740369451880438,0.5960271964329874,0.686518712452828,0.7233285527209117,0.7797638965701612,0.8333376763305325,0.8653927969333205,0.9873320016547016
Alder,CI95_lo,CI95_lo_a_BA_sq_m_sq_m,200,0.9246650683276578,0.021527941990011682,0.8673754112145025,0.987316836010094,0.881000850583758,0.9053682795560558,0.9126613802310585,0.9243416272455154,0.9388080707597817,0.9445089920758465,0.966641434637233
Alder,CI95_hi,CI95_hi_a0,200,0.34190571495217353,0.047053927796395216,0.2013868995699826,0.4642215597033872,0.2464930851800042,0.29576070669158977,0.3182016810557674,0.3381151343845086,0.37098442404158183,0.390631967171873,0.4367986585353971
Alder,CI95_hi,CI95_hi_a_DBH_cm,200,0.06322545580919663,0.052607771010309994,-0.0877376314579738,0.1908528106225475,-0.04156827296422915,0.013275355607335879,0.030783604942503248,0.06684615683956666,0.09154431116536367,0.11115651702960196,0.1754434623532126
Alder,CI95_hi,CI95_hi_a_H_m,200,1.3248224662276329,0.09644559537639663,1.0993885106727497,1.5754555114382978,1.1290810968218223,1.2290038632947755,1.2727242948844402,1.3252377954863959,1.369481314211529,1.4146927419329927,1.524763187180022
Alder,CI95_hi,CI95_hi_a_BA_sq_m_sq_m,200,1.1071552092937194,0.023111427130153742,1.04811290534552,1.1604004366387908,1.0595692110817416,1.0825182351292744,1.0919364210474527,1.1090704631140245,1.124790534896349,1.1299995905464255,1.1486649258684112
Aspen,param,a0,200,0.31488705755050334,0.07780916203557856,0.1571246856642074,0.6267108308042847,0.20015511798653327,0.24066513006012055,0.26082040707313126,0.29970624761522446,0.35316248487859275,0.3822409367169042,0.4783992941224193
Aspen,param,a_DBH_cm,200,-0.004185588738503883,0.09604039566243404,-0.1979079239137109,0.3479676118948483,-0.17588863938439758,-0.10007821324421196,-0.06902558589938095,-0.0111003363295505,0.05640905393688453,0.08649038740707712,0.21702670178552486
Aspen,param,a_H_m,200,0.7955850525558893,0.1501990822114061,0.2565393568987707,1.1665194346912346,0.45329716721887975,0.6553767288077508,0.6980622621184925,0.8130957420829,0.8913388754375317,0.9519634613344696,1.061177443919889
Aspen,param,a_BA_sq_m_sq_m,200,1.0831670090444614,0.03615466397952927,0.9853126396460652,1.240832135568114,1.028498927290112,1.051396399739033,1.0613418681229234,1.0811682827744529,1.0982678377592245,1.1101373940476458,1.1708864775263566
Aspen,SE,SE_a0,200,0.16165958238405306,0.04963638068045702,0.0723337787582731,0.3935758666800416,0.09376348412610631,0.11749840616673923,0.12838992566643317,0.15376963541964672,0.18176529932825608,0.2040504452880046,0.27038754576071056
Aspen,SE,SE_a_DBH_cm,200,0.2313912333547571,0.024724541698722808,0.1682527268441069,0.3049524314739527,0.18546939257617281,0.20853470938678573,0.2157774876006704,0.23021944951642265,0.24875464797487856,0.25498083677663175,0.28188925223200384
Aspen,SE,SE_a_H_m,200,0.35912215486815424,0.03627462900164784,0.2656975277432805,0.4726207906753303,0.293035324989798,0.3260307617412175,0.33595380829651184,0.35748375621223705,0.38010201390255904,0.3935781219554719,0.4421855327016565
Aspen,SE,SE_a_BA_sq_m_sq_m,200,0.08429541371671796,0.015626023281009514,0.0623695070811291,0.1300348701859985,0.06619433328588312,0.07257548004603849,0.07511586674362584,0.0794701397093713,0.08481849952199019,0.10260405706017832,0.1228674712357252
Aspen,CI95_lo,CI95_lo_a0,200,-0.009980036053144035,0.03566804275791359,-0.164209484807606,0.0785085544226728,-0.09087248767223773,-0.04304759271941815,-0.032072481882714624,-0.00436993544056315,0.012274427039694525,0.020353637312327272,0.050247402009600546
Aspen,CI95_lo,CI95_lo_a_DBH_cm,200,-0.4691836813770172,0.08849182186293228,-0.7265899669506113,-0.2090807551844131,-0.6479148385576747,-0.5502225341778072,-0.5241198430940596,-0.4696810909211546,-0.41115995198418376,-0.3826345031857838,-0.29934928633217256
Aspen,CI95_lo,CI95_lo_a_H_m,200,0.0739020630283544,0.19739529882338291,-0.6932276805948149,0.5534447008671313,-0.3960974870941427,-0.12053125976600024,-0.011255269150359626,0.0911892486228097,0.1909461233801805,0.2714412502793879,0.41185746062112527
Aspen,CI95_lo,CI95_lo_a_BA_sq_m_sq_m,200,0.9137690330357805,0.03793061790232706,0.7643527545327526,1.0071485025313205,0.8297197023086602,0.8788512025114146,0.8908066898347857,0.9179326833857335,0.9364043418715124,0.9485365195166735,0.9891807862855022
Aspen,CI95_hi,CI95_hi_a0,200,0.6397541511541507,0.17531590251839563,0.3096671434434846,1.4176311464161753,0.3984569112369378,0.4812135356143423,0.5174446587803667,0.6058843675573795,0.7209864506390797,0.7925820173776357,1.0156259674474655
Aspen,CI95_hi,CI95_hi_a_DBH_cm,200,0.4608125039000094,0.12471597901016136,0.1921371420164148,0.960792466687255,0.26004757732339023,0.33197134838204484,0.38526918764772633,0.4486028919469863,0.5214143257100643,0.5776728433060065,0.7648168401642217
Aspen,CI95_hi,CI95_hi_a_H_m,200,1.517268042083424,0.12954710365474065,1.1337356457900956,1.8125731744145537,1.2458089688582175,1.3950998633904583,1.4412238061647473,1.5305878525914975,1.619097942725852,1.6485527535586675,1.7339330934655912
Aspen,CI95_hi,CI95_hi_a_BA_sq_m_sq_m,200,1.2525649850531424,0.05610452181216304,1.1543024947592997,1.4745157686049075,1.1882862824864597,1.211106383481774,1.2160707218753508,1.241007792275906,1.2596756566515404,1.2789597349593191,1.3968707430752323
Birch,param,a0,200,0.8648657826036431,0.15116772075572513,0.4801791751769848,1.2541353511578706,0.5635927414194266,0.7224051660717998,0.7810042983376527,0.883467314543003,0.9457536009477387,0.9828505851919567,1.177451392588003
Birch,param,a_DBH_cm,200,0.05444031920042571,0.0789889220187984,-0.1610746070712968,0.2082159064758172,-0.1261391755288505,-0.04521652081874376,0.031085618491649123,0.07384359420612041,0.1030877031313842,0.12149710928272014,0.17890658897592174
Birch,param,a_H_m,200,0.7913066351229671,0.1258735843542573,0.5533146735256339,1.1514016503340947,0.592897328007863,0.6811704856309859,0.720582693789219,0.7676277446065003,0.8269600741497743,0.93320348086677,1.088902654129051
Birch,param,a_BA_sq_m_sq_m,200,0.7344329253727072,0.05473147576380447,0.6185389439272391,0.8994460611977622,0.6428247471218494,0.6859190952028655,0.7019105184373685,0.726706927460743,0.7630905945444851,0.7852579860689656,0.8700631004733103
Birch,SE,SE_a0,200,0.21029978456496,0.035869969785827724,0.1143582666859074,0.2992414022518985,0.13865655638709237,0.1771766503756435,0.1899227370087787,0.2140066700909926,0.23109478218964782,0.2404299673737675,0.28091865566812163
Birch,SE,SE_a_DBH_cm,200,0.09703987869649822,0.007031733263028148,0.0764278690967364,0.1178802200733276,0.08353884043640357,0.0904583751869354,0.09281148574202525,0.0966080649162663,0.10146855466812332,0.10326166586677356,0.11174169850990336
Birch,SE,SE_a_H_m,200,0.14018813933676463,0.010428999942859982,0.1103432106679488,0.1706969493764668,0.12054797179982454,0.1316924575241848,0.13385953853436516,0.1391947324348768,0.14600474985854395,0.1494992299781036,0.16411243891802707
Birch,SE,SE_a_BA_sq_m_sq_m,200,0.05792556237617881,0.0026695020598665733,0.048578120851349,0.0631752347174076,0.05229140641652258,0.055239062682598046,0.0564319034877623,0.0582778236424574,0.059624329173579974,0.060386667470585124,0.0626100473137546
Birch,CI95_lo,CI95_lo_a0,200,0.44719225802140544,0.08811113707423965,0.245127764541377,0.6965776861601636,0.26765737943734125,0.3674707051380943,0.4016183840007387,0.4470356642834932,0.498099119591741,0.5278275917034131,0.6234920965086603
Birch,CI95_lo,CI95_lo_a_DBH_cm,200,-0.1382892560772869,0.08376790336195977,-0.3831241887260267,0.0142774727393117,-0.3379622138113144,-0.24229465141288484,-0.1559404740590314,-0.11736429799758655,-0.08945848148851401,-0.07326755205409054,-0.012588011877820762
Birch,CI95_lo,CI95_lo_a_H_m,200,0.5128808897873802,0.11466555294046757,0.2920441660527679,0.831466341744953,0.32992413862678266,0.4207891389523242,0.4446464041295528,0.49038805554468123,0.5534976453823197,0.637694979286468,0.7778131033396413
Birch,CI95_lo,CI95_lo_a_BA_sq_m_sq_m,200,0.6193877585356792,0.05620128388004418,0.5042337798068757,0.7846759783308864,0.5226301198013396,0.5696928471894037,0.5832277275547577,0.6098802116223208,0.6474759971771706,0.6750386307932041,0.7657808376243758
Birch,CI95_hi,CI95_hi_a0,200,1.2825393071858806,0.2192950211456562,0.7123825617818047,1.811693016155577,0.8490809173274156,1.069115268870317,1.1614607328624227,1.3126007060691414,1.3955727807724412,1.4470463615098637,1.7539782339447527
Birch,CI95_hi,CI95_hi_a_DBH_cm,200,0.24716989447813836,0.07649519964443988,0.0444412975496872,0.4041194469501629,0.06548324137682862,0.17202732687799402,0.21460292930056313,0.26632711586458185,0.2954915962090437,0.31487815820478954,0.3673623482183003
Birch,CI95_hi,CI95_hi_a_H_m,200,1.069732380458554,0.13927733989443167,0.8125319949300205,1.4756055286376228,0.8554283062161153,0.9403786320642372,0.9979775153053558,1.0452193235018945,1.1010543136400655,1.2142101537013532,1.400873272152508
Birch,CI95_hi,CI95_hi_a_BA_sq_m_sq_m,200,0.8494780922097351,0.05374666538338425,0.7328441080476025,1.014216144064638,0.7617716477484133,0.7994977031269186,0.8187099411435719,0.8441039096130619,0.8767004947491938,0.9009600544633649,0.9678745099167547
Oak,param,a0,200,0.2734359569919348,0.029804570623323912,0.2100993091073229,0.4297307227817632,0.23030829758471355,0.24748802791884292,0.2545346065283517,0.2690969649538788,0.2853046665767699,0.2954530309854947,0.35570578780929
Oak,param,a_DBH_cm,200,-0.09627510672809318,0.038304045952433884,-0.1809203156612545,0.0662274569460222,-0.1628289568638517,-0.12339059267168147,-0.11650600656474205,-0.1015598183892875,-0.08760463575540878,-0.07427709399934262,-0.0056463938968588905
Oak,param,a_H_m,200,1.0820071288672026,0.06261489594589119,0.8283106083815115,1.25678925486195,0.9515103221431035,1.029993963780961,1.0551902055923954,1.0881250319447544,1.113989389201166,1.126785146003016,1.2145822303671348
Oak,param,a_BA_sq_m_sq_m,200,1.026047307864844,0.027840608684151343,0.9249079698164684,1.102571300125946,0.9681293205039269,0.9970017554235396,1.0127085891217456,1.0286634327327968,1.0421649596105955,1.051573748206285,1.084029110775523
Oak,SE,SE_a0,200,0.054841642918624055,0.008694111686339037,0.0370942197863071,0.085897146268901,0.04115270813866966,0.04752377541236494,0.049822174054087426,0.053885555671402796,0.05727752185241523,0.060427277333819675,0.07610860144310251
Oak,SE,SE_a_DBH_cm,200,0.06285352102244765,0.011726426595668851,0.0406473087835517,0.1016110477754982,0.04626013895455936,0.05258114414844817,0.0561952658773608,0.06101661606231215,0.06640619161040573,0.07135842344719245,0.09292352003516817
Oak,SE,SE_a_H_m,200,0.11121184546842215,0.018070278429070885,0.0721141716749398,0.1768000242193578,0.08190845569147233,0.0944251749293503,0.10057417554418514,0.10844079240677221,0.12127192774217563,0.12845550145459264,0.1574779045444457
Oak,SE,SE_a_BA_sq_m_sq_m,200,0.050602966563487284,0.006217864133312752,0.0347357909017341,0.0718370617932557,0.03759463150899082,0.04518645897373233,0.04725912377232028,0.0505461221631132,0.05453892484026597,0.05591865031972142,0.06148603125430295
Oak,CI95_lo,CI95_lo_a0,200,0.16397157957788885,0.021230187267973273,0.1178305427309186,0.2582793012421039,0.13240987289403863,0.14557748949053897,0.14825176607450585,0.16244739157848365,0.1736510746321927,0.1815832867391743,0.21402020696249607
Oak,CI95_lo,CI95_lo_a_DBH_cm,200,-0.22173125976880337,0.03373903842753019,-0.3226768887848708,-0.0861338763099388,-0.2982180384427231,-0.24444700860959023,-0.23702266026038693,-0.22206210644359545,-0.2042540225468924,-0.19635539116243542,-0.15224073107262878
Oak,CI95_lo,CI95_lo_a_H_m,200,0.8600273562456615,0.07403362972861922,0.5900317687073671,1.005128267474781,0.6690375445975687,0.7952204706040605,0.8412696466839824,0.8721089264108473,0.9061065172029115,0.9208664157922116,0.9708657897520787
Oak,CI95_lo,CI95_lo_a_BA_sq_m_sq_m,200,0.9250433638656608,0.032007377099991755,0.8149035874398677,1.0030433710221751,0.8520583252623694,0.8936349183076369,0.90872377878414,0.928336119658767,0.9432288558391951,0.9505300563462464,0.9905227462938446
Oak,CI95_hi,CI95_hi_a0,200,0.38290033440598065,0.043911197782137645,0.3023680754837272,0.6011821443214225,0.32340369763770593,0.34920654671218726,0.35618406500511124,0.37507590266895585,0.39935103384136694,0.41010992764742615,0.5048121932425275
Oak,CI95_hi,CI95_hi_a_DBH_cm,200,0.029181046312616928,0.05377511585899888,-0.0531064819781655,0.2185887902019834,-0.04027719760361267,-0.009364142517529803,-0.003906651937143325,0.0168187541310824,0.03473026018475332,0.08309117898220807,0.17578987802668194
Oak,CI95_hi,CI95_hi_a_H_m,200,1.3039869014887437,0.07044242235781832,1.066589448055656,1.5231728765691424,1.1718193638495922,1.247570636542785,1.2638155087063963,1.3022320095195024,1.3384377729678496,1.348867269433525,1.4801812563864118
Oak,CI95_hi,CI95_hi_a_BA_sq_m_sq_m,200,1.1270512518640277,0.028875389299565502,1.029227985073348,1.2066880507451487,1.0704893982108026,1.1012452808996591,1.1113148801201431,1.1272115880437217,1.14403861976036,1.1527538335862402,1.1848169428217863
Pine,param,a0,200,0.4390503169888026,0.027571484084997627,0.3613076137877682,0.5393404244380899,0.3930391885266158,0.41429830552715335,0.4222331370485966,0.436841551900241,0.45139531327421156,0.4614249956230109,0.5037936954538257
Pine,param,a_DBH_cm,200,-0.4677655514253868,0.031168165636409322,-0.5556786703724925,-0.392510777388209,-0.5270296378354306,-0.49776236566451915,-0.4872463582267992,-0.4678960802413318,-0.44712907552329345,-0.43576590569269574,-0.40800102235425917
Pine,param,a_H_m,200,1.5653938239044995,0.04318184799750556,1.449223012084086,1.6716068201978325,1.4811231771824203,1.52292535575423,1.5381557884011545,1.56407290012684,1.5940677181756873,1.6081016238611128,1.6469574852204132
Pine,param,a_BA_sq_m_sq_m,200,0.6885915109977775,0.023369400074848914,0.6349347889597821,0.7603744529572041,0.6456950931990288,0.6653035882498057,0.6728066381266962,0.6891960676325719,0.7008112008596306,0.7095364244428488,0.74358550331941
Pine,SE,SE_a0,200,0.05007864826019442,0.0028500927233197928,0.0411571768192472,0.0580067750396965,0.04493057731581414,0.047478227431895725,0.048334620049744974,0.0499068116907532,0.0518125892312339,0.053067172643259844,0.056484100754315404
Pine,SE,SE_a_DBH_cm,200,0.05866521804513985,0.002056223013919581,0.052228185797863,0.0650838631643909,0.05453623600775956,0.05660087293496212,0.0572823191210044,0.0587225944819266,0.06000577162569167,0.060654468741070944,0.06243731151990605
Pine,SE,SE_a_H_m,200,0.07842212985521137,0.0026225653763768666,0.0687705806499997,0.085623641272032,0.07311919545584085,0.07550724033976153,0.07679003854851657,0.0786216698225464,0.08027013366784724,0.0810301630189579,0.08296510202495687
Pine,SE,SE_a_BA_sq_m_sq_m,200,0.03443520758040605,0.0011515936565810255,0.0309552193685764,0.0374384667117348,0.031902713233119565,0.033440482024576355,0.033749804744073394,0.034377959277918105,0.03521920043333478,0.03555238442742835,0.03681122867989971
Pine,CI95_lo,CI95_lo_a0,200,0.3405687115071021,0.02288681779727828,0.279564683530292,0.4258052209959516,0.300283084431518,0.3209554838228727,0.32665429252540207,0.3386311898851131,0.3510066372031364,0.358995240524852,0.39807031860109215
Pine,CI95_lo,CI95_lo_a_DBH_cm,200,-0.5831329796555067,0.031106208045908204,-0.672597499460642,-0.5063267145099677,-0.6416387519862357,-0.6140287063052067,-0.6019839413864085,-0.5816609668851469,-0.5624530086846218,-0.552979356410269,-0.5266840646840001
Pine,CI95_lo,CI95_lo_a_H_m,200,1.41117366178454,0.04383796016724915,1.295921390777339,1.526018434356028,1.3274585740834193,1.3660359525511243,1.3842948768132592,1.4105458591655342,1.4372549903523002,1.4548412289689476,1.4949571133901682
Pine,CI95_lo,CI95_lo_a_BA_sq_m_sq_m,200,0.6208733387740761,0.02264696081737549,0.5712294021468244,0.6897988240158506,0.5781578328495558,0.5995966861990838,0.6051757237734331,0.6207193543093391,0.6331712431331415,0.6411308728800045,0.6723606856576732
Pine,CI95_hi,CI95_hi_a0,200,0.5375319224705031,0.0325483487927514,0.4422447994161479,0.6534129989421799,0.48364853384406187,0.5082083434840604,0.5172819731749504,0.5358494856665303,0.5534670926120697,0.5657675163121467,0.609517072306559
Pine,CI95_hi,CI95_hi_a_DBH_cm,200,-0.3523981231952669,0.03174925206077505,-0.4466818019098352,-0.2782101487169208,-0.4137661993634236,-0.3846769589917495,-0.3716206708400718,-0.3519925074482042,-0.330187547467919,-0.3200072838115048,-0.2893179800245184
Pine,CI95_hi,CI95_hi_a_H_m,200,1.7196139860244588,0.04313669329170811,1.6025246333908327,1.830555199041044,1.6334281054889672,1.6781725262045417,1.6908278122895646,1.7165799523578225,1.748277706245115,1.7627431069219825,1.799548646648105
Pine,CI95_hi,CI95_hi_a_BA_sq_m_sq_m,200,0.7563096832214791,0.024282302145953668,0.6973714656682322,0.8309500818985576,0.7137520939375849,0.7323089047273795,0.740446954287937,0.7574115183143793,0.7698585725063122,0.7765279392910694,0.8135361818285495
Spruce,param,a0,200,2.546927617585496,1.3976592285633551,0.5247190316999244,4.705933955981953,0.5247190316999304,1.33570455927394,1.6257037355997106,1.9813560727247195,3.8231009950164467,4.7059339559816,4.70593395598185
Spruce,param,a_DBH_cm,200,0.15740898316474397,0.1749555265400783,-0.1482938527284542,0.4887376309337089,-0.14829385272845194,0.04986525363659496,0.08934306288393924,0.1228948039719532,0.2101017151746274,0.48873763093354805,0.48873763093367206
Spruce,param,a_H_m,200,0.5084150060666098,0.35596344585410816,0.117381013991393,1.2079429935114636,0.11738101399142208,0.11738101399151238,0.380236067042269,0.3970170598943891,0.4282789268562,1.2079429935114139,1.207942993511446
Spruce,param,a_BA_sq_m_sq_m,200,0.6549239678363453,0.46702735061700024,-0.1888441030522349,1.421003496153068,-0.18884410305221214,-0.18884410305216506,0.5503304410851163,0.807251668332952,0.9070462615226382,0.9411255805007476,1.421003496153063
Spruce,SE,SE_a0,200,4.164646710995323,4.452331887059152,0.7128407466723766,13.057942195983063,0.712840746674196,1.0543582680962933,1.1808512246388045,1.4232717629125462,6.094381185066405,13.057942192553275,13.057942194713055
Spruce,SE,SE_a_DBH_cm,200,0.4660309158526595,0.4701775056640368,0.2268020995263201,1.4998734558437494,0.2268020995268621,0.2402465431709499,0.24024654317231764,0.2447904616974828,0.35002015090012595,1.4998734554549156,1.499873455699193
Spruce,SE,SE_a_H_m,200,0.459893133749072,0.39350141667509003,0.1545661274062304,1.1222430324590575,0.15456612740636244,0.17266774498737752,0.17266774498751986,0.1774864556685134,0.8344436968414983,1.122243032179391,1.1222430323546353
Spruce,SE,SE_a_BA_sq_m_sq_m,200,0.6909011638317231,0.40925834869331373,0.326942638950954,1.3162913360910458,0.3269426389522115,0.3394786181799724,0.3394786181813604,0.37960210155908175,1.129697831823659,1.3162913357482047,1.316291335964218
Spruce,CI95_lo,CI95_lo_a0,200,-15.37210092169859,18.129965590291533,-52.36068963874538,-2.54238715280861,-52.36068963327998,-52.36068962398764,-21.516071885752943,-4.051773706383677,-3.455089009457465,-3.2008329210282693,-2.5423871528164237
Spruce,CI95_lo,CI95_lo_a_DBH_cm,200,-1.8477602090514944,1.881263968918576,-5.964696988051358,-0.7657489574531093,-5.96469698742927,-5.96469698637828,-1.6543090104475358,-0.9808844267748889,-0.9108026408084811,-0.9108026408025972,-0.7657489574554421
Spruce,CI95_lo,CI95_lo_a_H_m,200,-1.4703454412273478,1.6667883386618743,-4.711241033000918,-0.2848083029607096,-4.711241032551707,-4.7112410317976545,-2.3823784564813772,-0.36664552307183323,-0.31838752651304636,-0.31838752651243496,-0.2848083029612781
Spruce,CI95_lo,CI95_lo_a_BA_sq_m_sq_m,200,-2.3177838106744595,2.0877541387121488,-5.113214069222318,-0.5536123416610008,-5.113214068676721,-5.113214067747245,-5.049541562880053,-0.8260443501386202,-0.6062048585251992,-0.6062048585177556,-0.5536123416629476
Spruce,CI95_hi,CI95_hi_a0,200,20.465956156869584,20.228201368798885,3.5918252162084645,60.00689162877656,3.5918252162163067,5.872242039576157,6.7064964806569005,8.195914565206538,30.927939797716604,60.0068916140199,60.006891623313116
Spruce,CI95_hi,CI95_hi_a_DBH_cm,200,2.1625781753809825,2.1696100907983875,1.093060951677158,6.94217224991843,1.0930609516779757,1.1557506808577838,1.1557506808620883,1.185952387804679,1.357721304990629,6.942172248245474,6.942172249296566
Spruce,CI95_hi,CI95_hi_a_H_m,200,2.4871754533605674,1.7912039047673904,1.0452804370452484,4.946003060983961,1.0452804370458162,1.1606796428598867,1.1606796428606514,1.1812235024465563,4.798264443504248,4.946003059780609,4.946003060534588
Spruce,CI95_hi,CI95_hi_a_BA_sq_m_sq_m,200,3.62763174634715,1.5096440231017099,2.135667939821737,6.213874951392722,2.1356679398271488,2.367704864708168,2.367704864714139,2.4884560195254375,4.6718533567757055,6.213874949917542,6.213874950846929
