iter,R2_train_all,R2_train_all_pct,RMSE_train_all,rRMSE_train_all,Bias_train_all,rBias_train_all,PBIAS_train_all_pct,R2_test_all,R2_test_all_pct,RMSE_test_all,rRMSE_test_all,Bias_test_all,rBias_test_all,PBIAS_test_all_pct,n_train_all,n_test_all
1,0.953794797617843,95.3794797617843,14.488342493957607,0.14346949530818356,-0.13937967085944078,-0.0013801945283088376,-0.13801945283088377,0.9705754588595672,97.05754588595671,12.516712062717952,0.11560897833050185,0.6735753506622173,0.006221390867543775,0.6221390867543775,684,170
2,0.9600977841746786,96.00977841746786,13.914542901082115,0.1358954612403966,-0.15480682736332174,-0.0015119106216608088,-0.1511910621660809,0.9464621419619123,94.64621419619122,14.856887404120329,0.1447890286921689,-0.4124369200361294,-0.004019438219088845,-0.40194382190888456,684,170
3,0.959606244637052,95.9606244637052,13.768827710847207,0.13611676527314745,-0.12636180731326976,-0.0012491957069083479,-0.12491957069083479,0.9482330245363217,94.82330245363218,15.64642924547992,0.14542960714556047,1.1898888715625124,0.011059716464585761,1.105971646458576,684,170
4,0.9595614499392181,95.95614499392181,13.963555866420753,0.13400480977847204,-0.1969881817683537,-0.0018904471095328307,-0.18904471095328304,0.9464229695817489,94.64229695817488,14.969947685773368,0.1570387279986099,3.540988558478476,0.03714591064399994,3.714591064399994,684,170
5,0.9560097909042493,95.60097909042493,14.565981985554075,0.14204089204035467,-0.10864343527577021,-0.0010594418197278806,-0.10594418197278806,0.9656052876859986,96.56052876859987,12.076030125765621,0.11841362189204273,1.8161592089675274,0.017808666227784646,1.7808666227784646,684,170
6,0.9597343597675951,95.97343597675952,13.688162414190659,0.13490090803172727,-0.08290375426395631,-0.0008170411331365076,-0.08170411331365077,0.9441388539468549,94.4138853946855,16.552197138107136,0.1556750656131966,1.3848697875205214,0.013024838529843964,1.3024838529843965,684,170
7,0.9547978217873756,95.47978217873757,14.409590839294216,0.1403483609308927,-0.1035618446057078,-0.0010086847924755382,-0.10086847924755385,0.9680166016871543,96.80166016871543,12.849955218930893,0.12661375207023923,1.514521448384754,0.014922950306343644,1.4922950306343643,684,170
8,0.9587967524899147,95.87967524899148,13.982229429055227,0.13392902556055017,-0.14352906083203937,-0.0013747955828067706,-0.13747955828067707,0.9522266144476861,95.2226614447686,14.624483157124915,0.1547102102522269,0.9245948922940862,0.009781150461735345,0.9781150461735345,684,170
9,0.9595140085205939,95.9514008520594,14.101023266641965,0.13908420115567902,-0.15795009333113025,-0.0015579268353804205,-0.15579268353804201,0.9422410550129324,94.22410550129324,14.937044001774403,0.14004199556052416,0.5198171566716528,0.004873536687596842,0.4873536687596843,684,170
10,0.956613184116002,95.6613184116002,14.136698105994114,0.13920823580096334,-0.16010630524986033,-0.0015766140103814742,-0.1576614010381474,0.9597557108545971,95.9755710854597,14.32237981618069,0.13512503919499622,0.0401939371057793,0.00037921123420311346,0.03792112342031134,684,170
11,0.9573942352589588,95.73942352589589,13.989424566990172,0.13819768722021147,-0.12894600834797895,-0.001273822239409148,-0.1273822239409148,0.9580061643453779,95.80061643453779,14.684490661434438,0.13686277953518683,-0.1412511220131695,-0.0013164924556734858,-0.1316492455673486,684,170
12,0.9590007011717406,95.90007011717407,13.765164389193984,0.13330217327335117,-0.07989782191409452,-0.0007737323725183367,-0.07737323725183365,0.951962159393175,95.1962159393175,15.555573435226842,0.15696099692473578,-0.9206508405213847,-0.009289678349020964,-0.9289678349020964,684,170
13,0.9604734190356091,96.0473419035609,13.980746896170295,0.1337329806911009,-0.04087266282235748,-0.0003909678838055141,-0.03909678838055142,0.9414894490247242,94.14894490247242,14.633008903777522,0.15574145345759818,1.7222115581724515,0.018329772980730668,1.8329772980730668,684,170
14,0.9599629103656063,95.99629103656063,13.652572482210477,0.13383915809599656,-0.10876255991288356,-0.001066223194938047,-0.10662231949380471,0.9480995605177464,94.80995605177463,15.964539924259627,0.15327458615003084,1.2972299436711197,0.01245462654739421,1.245462654739421,684,170
15,0.9553760309640537,95.53760309640536,14.511414258105937,0.14202326777964447,-0.14248526962148653,-0.0013945038879172966,-0.13945038879172966,0.9654401555198866,96.54401555198866,12.687074800061763,0.12260830629358763,1.0679345265427589,0.01032055423297533,1.0320554232975327,684,170
16,0.957428887787646,95.7428887787646,14.33705225883686,0.13866228915895806,-0.08450475659946323,-0.00081729652534954,-0.08172965253495401,0.9566082457060495,95.66082457060496,13.499846867584647,0.13695531849123,-0.08492786810228765,-0.000861589271257491,-0.0861589271257491,684,170
17,0.9605935285389863,96.05935285389863,13.619201142132509,0.13465879115015925,-0.15004585963366773,-0.001483566757293112,-0.14835667572931122,0.9445978285393697,94.45978285393697,16.091173239800554,0.1494743099080966,-3.314291279329199,-0.030787152336835762,-3.078715233683576,684,170
18,0.9614570257392252,96.14570257392252,13.552228053785992,0.1308399694667953,-0.12000649249347756,-0.0011586025376305075,-0.11586025376305074,0.9399652232612514,93.99652232612515,16.338981424577987,0.1670069891520014,0.5297642501384016,0.0054149233711040445,0.5414923371104045,684,170
19,0.9611151192212285,96.11151192212284,13.46210045683409,0.1313085355894007,-0.055933454330233445,-0.0005455716217621218,-0.05455716217621218,0.9427744380119116,94.27744380119117,16.734333559219895,0.16392879521654147,-1.0216845817510862,-0.010008377207558136,-1.000837720755814,684,170
20,0.9545145873820464,95.45145873820464,14.410346854222501,0.1393083292104546,-0.15516168647971942,-0.0014999857754730175,-0.14999857754730175,0.966103655698197,96.6103655698197,13.348264923520421,0.1356758087794748,2.0077387552097448,0.02040726498849979,2.040726498849979,684,170
21,0.9587046838096549,95.87046838096549,14.194711140934167,0.13721306022760027,-0.08861031302057057,-0.0008565508728258558,-0.08565508728258558,0.95131548778552,95.131548778552,13.94322259237533,0.14176975906887124,-0.30009356354131117,-0.0030512452856225236,-0.30512452856225236,684,170
22,0.9611364928407803,96.11364928407802,13.558044214985598,0.13348411702545906,-0.11879698416229036,-0.0011696016243009145,-0.11696016243009145,0.94311943789672,94.311943789672,16.175474967809027,0.15272255792859554,-0.12737914541824596,-0.0012026644629445507,-0.12026644629445507,684,170
23,0.9560174259371289,95.60174259371288,14.318824943567824,0.14012776882389438,-0.1524655318106936,-0.0014920676018724728,-0.14920676018724727,0.9625219875504152,96.25219875504152,13.535705559186978,0.13084892526665337,0.6867784608606569,0.006639049815833982,0.6639049815833983,684,170
24,0.9594623095997435,95.94623095997436,14.007846269434264,0.13520171318032936,-0.10211839621585249,-0.0009856320415035885,-0.09856320415035885,0.9484871603084691,94.84871603084692,14.608060334981634,0.1494889514427101,2.2802767940267823,0.023334801412472187,2.3334801412472186,684,170
25,0.9597147130048646,95.97147130048646,13.778527931139568,0.1347242421087465,-0.10264096357274118,-0.0010036069234505905,-0.10036069234505905,0.9481685202840286,94.81685202840286,15.58163487879713,0.1511442143959095,0.9491503851647998,0.009206902255457245,0.9206902255457245,684,170
26,0.9554585912812235,95.54585912812234,14.599693909794428,0.1416913049270258,-0.10129350877746966,-0.0009830623524023532,-0.09830623524023532,0.9669199434263938,96.69199434263938,12.042728747595936,0.12041949562624238,-0.26217475389022027,-0.002621577907390548,-0.2621577907390548,684,170
27,0.956911365181039,95.6911365181039,14.234365850562865,0.1367057456699508,-0.12861651966036297,-0.0012352230798499916,-0.12352230798499915,0.9605690596387205,96.05690596387205,13.56742391665592,0.14186017737159223,-1.8057840899509219,-0.018881171021770296,-1.8881171021770295,684,170
28,0.9561489387376709,95.61489387376709,14.463458054906246,0.1405693718579483,-0.13790061957635166,-0.0013402468067513123,-0.13402468067513124,0.9643350912477309,96.43350912477308,12.594361856408398,0.12519612405867483,-2.0379184934138586,-0.020258231376215886,-2.0258231376215887,684,170
29,0.9569318525242746,95.69318525242745,14.103357717737069,0.13849928327464345,-0.08024530565007332,-0.0007880334272960011,-0.07880334272960011,0.9578538560748456,95.78538560748456,14.598167726368596,0.13920173398489236,-0.2973273485231075,-0.0028351833772115925,-0.2835183377211593,684,170
30,0.9561992708544521,95.61992708544521,14.191691644893938,0.13872046434579025,-0.10978573454241748,-0.0010731298604382575,-0.10731298604382575,0.9628654442979694,96.28654442979693,13.82184554213589,0.13424250819339567,1.0261981562577884,0.00996678873161505,0.9966788731615048,684,170
31,0.9570721203742529,95.7072120374253,14.462715448674073,0.14091595562044443,-0.09965042394042982,-0.0009709334853044812,-0.09709334853044811,0.9600909587798446,96.00909587798446,12.69790395466853,0.12493452282608433,-0.25868200503364214,-0.002545169106487896,-0.2545169106487896,684,170
32,0.9616175967580831,96.16175967580831,13.730513013606258,0.13230798892849147,-0.13790686704045882,-0.0013288782596448444,-0.13288782596448442,0.9334971825368502,93.34971825368503,15.994336595036653,0.16482809502529255,1.920836111126579,0.019794991506620823,1.9794991506620823,684,170
33,0.9584515955933106,95.84515955933107,13.982591205022159,0.13597642734395218,-0.11628366003851257,-0.001130823065529976,-0.1130823065529976,0.9537390681102264,95.37390681102264,14.760093697044814,0.14636800180232504,-0.29106366597524047,-0.0028863236277819125,-0.2886323627781912,684,170
34,0.9564785647491073,95.64785647491072,14.501683264445878,0.1392099071042561,-0.1155557525604417,-0.0011092854040427958,-0.11092854040427955,0.9601623591778398,96.01623591778397,12.847084549546018,0.13459574356744705,2.9648926413918715,0.031062450638257293,3.106245063825729,684,170
35,0.9606931282331053,96.06931282331053,13.745519938580927,0.1312798636923846,-0.09306155133456717,-0.0008888065223282569,-0.08888065223282571,0.9428050666590909,94.28050666590909,15.502093059821313,0.16614167229872612,-2.5132331132126216,-0.02693525001394177,-2.693525001394177,684,170
36,0.9576628918119005,95.76628918119005,13.945275517730849,0.13866798359180574,-0.08372553432013163,-0.0008325436815183375,-0.08325436815183375,0.9561721158323544,95.61721158323545,14.941396874084196,0.13588538015751309,-1.0399060304331758,-0.00945748429443038,-0.9457484294430379,684,170
37,0.954090391450014,95.4090391450014,14.445622281450202,0.14213203162484714,-0.11874470959071885,-0.0011683419717061167,-0.11683419717061166,0.9688525294567301,96.885252945673,12.902330990167906,0.12211926153345531,-0.3708663884703609,-0.0035102129624556048,-0.3510212962455605,684,170
38,0.9582247391882793,95.82247391882794,13.962801361546294,0.1363533406236148,-0.15076436341819696,-0.001472285114338064,-0.14722851143380639,0.9538163807124604,95.38163807124604,14.994995090036804,0.1461927960420864,-0.27779761682099796,-0.0027083710326703514,-0.27083710326703514,684,170
39,0.9630487375605062,96.30487375605063,13.300759084248282,0.1272385147350583,-0.0823167366968748,-0.0007874632755021565,-0.07874632755021566,0.9267091468378417,92.67091468378416,17.739225735067134,0.18873524561194951,2.317421650613084,0.02465604479852201,2.4656044798522014,684,170
40,0.9568445541082716,95.68445541082717,14.30528276708172,0.13914952086264243,-0.1462213880082256,-0.0014223162458581614,-0.14223162458581615,0.9604110642757583,96.04110642757583,13.441536555931995,0.13315509177889498,1.0996415122026488,0.010893313117286989,1.0893313117286987,684,170
41,0.9573125370646199,95.731253706462,14.167490175578113,0.13939044720437607,-0.11015701139130832,-0.0010838077097805683,-0.10838077097805683,0.9595672543956423,95.95672543956422,13.806312590720784,0.1306935474047272,0.14058120074052946,0.00133077211619447,0.13307721161944702,684,170
42,0.9560281067823548,95.60281067823549,14.184011924836007,0.13902526415582495,-0.08134201448182883,-0.000797277604547272,-0.07972776045472721,0.9631913587766135,96.31913587766135,13.879442351884054,0.13334530677662176,0.09932832595247694,0.0009542866175702939,0.09542866175702938,684,170
43,0.9593883181315888,95.93883181315887,13.9566767632904,0.13699589151666436,-0.13184928142000502,-0.0012942056451056407,-0.12942056451056408,0.9508168783068313,95.08168783068312,14.612229182652335,0.13958636553444015,0.8306501306836905,0.007934958542157079,0.793495854215708,684,170
44,0.954484694624008,95.4484694624008,14.376097198998282,0.13935676839014402,-0.046641826143430494,-0.00045212925825350664,-0.045212925825350664,0.96684662403667,96.684662403667,13.33743750949418,0.1340216206866107,1.3825084947765516,0.013892175985909232,1.3892175985909232,684,170
45,0.9584604179748767,95.84604179748767,14.086812674960381,0.13771753609919415,-0.05694663121480717,-0.0005567298949032671,-0.05567298949032671,0.9537220585198094,95.37220585198094,14.309696487208694,0.1388910180433392,-0.8453199883278876,-0.00820474101992263,-0.8204741019922629,684,170
46,0.9581616458545239,95.81616458545238,14.495980058136848,0.14009201276360164,-0.06888638459832815,-0.0006657316188132034,-0.06657316188132034,0.9534243853220437,95.34243853220437,12.613352763729306,0.12837710636081054,0.5479667491125813,0.005577136146964828,0.5577136146964828,684,170
47,0.9604020052868496,96.04020052868496,13.701341664046689,0.13304105201289476,-0.13817548148743095,-0.0013416942566810395,-0.13416942566810394,0.9461115416256018,94.61115416256018,15.684397540115846,0.1565005946845858,-1.194761092067126,-0.01192145384840388,-1.192145384840388,684,170
48,0.9588347115179554,95.88347115179555,14.086267699796862,0.1362568373257343,-0.18330582229682169,-0.0017731220321702517,-0.17731220321702518,0.9507715258149101,95.077152581491,14.436967515541312,0.14637152095673317,-0.02544617391419818,-0.000257990133616442,-0.025799013361644196,684,170
49,0.9593505489942213,95.93505489942214,14.14892115229959,0.13830733402558848,-0.16610639975680405,-0.0016237091908041599,-0.16237091908041598,0.9491864976413881,94.9186497641388,13.951077233827641,0.1354783005684165,0.11411504887768026,0.0011081662463844194,0.11081662463844197,684,170
50,0.9598147007141445,95.98147007141445,13.352655764642703,0.1315684194735603,0.016710613129050107,0.00016465555591158306,0.016465555591158306,0.9500002517906794,95.00002517906793,16.99449404975793,0.15995614942523628,-0.9280074557359743,-0.008734623038662999,-0.8734623038662999,684,170
51,0.960015726094731,96.0015726094731,13.409601995215985,0.1340288095988084,-0.12018764135830959,-0.001201274020324366,-0.12012740203243659,0.9483155494465396,94.83155494465396,16.762265964696645,0.14962144014525522,-1.2494887855972647,-0.011153045294720219,-1.1153045294720219,684,170
52,0.9555138739395704,95.55138739395704,14.121005947525921,0.1381594424299099,-0.11114839662863474,-0.00108747213635167,-0.10874721363516701,0.9632330990008429,96.32330990008428,14.361811290812879,0.13896443907487432,1.2325725902973834,0.011926334023014871,1.192633402301487,684,170
53,0.9571794790102616,95.71794790102615,14.285829322014296,0.13887004303678815,-0.08258280854472534,-0.000802773008006778,-0.0802773008006778,0.9573954832790987,95.73954832790987,13.793460968743355,0.13700619126194086,2.3473097215965644,0.023315103105509483,2.3315103105509483,684,170
54,0.9593554873930954,95.93554873930954,13.731981910961483,0.1354287662637305,-0.13530649004149495,-0.0013344316306714652,-0.13344316306714651,0.9502984480058434,95.02984480058434,15.696575940019656,0.14722711853035073,-0.6308437051415918,-0.005917042118351989,-0.5917042118351988,684,170
55,0.9611610183656543,96.11610183656542,13.662989127247045,0.13354965821973,-0.04382208559877761,-0.00042834144854301783,-0.04283414485430178,0.9400923683835816,94.00923683835816,16.0625788582159,0.15601864963413914,-0.19246122397129,-0.0018694096717586162,-0.18694096717586162,684,170
56,0.9568844076025297,95.68844076025297,14.406773829933638,0.13760281985090272,-0.12799926496871966,-0.0012225540573104023,-0.12225540573104024,0.9612131021437141,96.12131021437142,12.723013849765863,0.13632373342116455,-0.9312235111544565,-0.009977813998251456,-0.9977813998251456,684,170
57,0.9557555992458538,95.57555992458539,14.233389937194616,0.13831547095268906,-0.07114248036107837,-0.0006913395697936216,-0.06913395697936214,0.9629426297876064,96.29426297876064,13.905907683940276,0.13830733579075186,0.018238096432454273,0.00018139502899050023,0.018139502899050024,684,170
58,0.9557839356147385,95.57839356147385,14.32339484865828,0.13961358851652775,-0.10396296725878716,-0.001013352147670857,-0.10133521476708571,0.9647664256807723,96.47664256807722,13.241611938781016,0.1300755250864025,-2.295118720214239,-0.022545500808188,-2.2545500808187997,684,170
59,0.957558098672661,95.7558098672661,14.230475762275962,0.13963755778007442,-0.12377985195489893,-0.0012145986204608016,-0.12145986204608018,0.9583080613476995,95.83080613476996,13.60953021781274,0.13017538510604035,-1.0655123641610327,-0.010191643658527524,-1.0191643658527525,684,170
60,0.9579659838575227,95.79659838575228,13.995113196705418,0.1361192942324833,-0.14087948627936162,-0.0013702223036463777,-0.13702223036463776,0.9559681287530142,95.59681287530142,14.680890850481985,0.14549008368739472,-1.2291934757920067,-0.012181512926043404,-1.2181512926043403,684,170
61,0.9618207587938421,96.18207587938421,13.482216075746534,0.13384513044124727,-0.095293269116358,-0.0009460269708921408,-0.09460269708921408,0.9371681070417734,93.71681070417735,16.686064835431775,0.15266874173309372,1.1502659214082855,0.01052432988915187,1.052432988915187,684,170
62,0.9578277024798232,95.78277024798231,14.111137436247905,0.13759348707880345,-0.14690995259633846,-0.001432475075495169,-0.14324750754951687,0.9534823685182142,95.34823685182143,14.70390131402047,0.1442324199334987,-0.5881531658400684,-0.005769268481132527,-0.5769268481132528,684,170
63,0.9611149616884429,96.1114961688443,13.577881575047423,0.13273161609043319,-0.13572198832635496,-0.0013267606400891062,-0.13267606400891063,0.9422664436663827,94.22664436663827,16.242293633546044,0.1576984755360196,-0.8765200345964295,-0.008510243463838819,-0.8510243463838817,684,170
64,0.9582740357590873,95.82740357590873,14.193962865198479,0.13970315274186287,-0.13290902171280464,-0.0013081483682503543,-0.13081483682503542,0.9558785920335179,95.58785920335178,13.620561470985836,0.12874878785558713,-0.3657812293066045,-0.003457558632503518,-0.34575586325035185,684,170
65,0.9587769768420026,95.87769768420026,13.978850830731627,0.1347541408859711,-0.04660296370590733,-0.0004492459654211042,-0.04492459654211042,0.9517994353333867,95.17994353333867,14.791471371117032,0.15217378953836772,0.9050723512252468,0.009311331241953739,0.9311331241953739,684,170
66,0.9593101799390199,95.93101799390199,14.118841983300557,0.13641971319203827,-0.17627530270950814,-0.0017032151976000276,-0.1703215197600028,0.9437148475429505,94.37148475429505,14.838152158696527,0.15115023830509508,-0.17234501071304156,-0.0017556087281867304,-0.17556087281867302,684,170
67,0.9579058474795256,95.79058474795255,14.14146716697119,0.13786917633102372,-0.18598897371779566,-0.0018132592828143535,-0.18132592828143534,0.9556792488307725,95.56792488307725,14.170299248945929,0.13908010532665196,1.0114639219685497,0.009927419762286149,0.9927419762286149,684,170
68,0.9584084850694669,95.84084850694668,13.669786532682172,0.13199412723987444,-0.07914971722848048,-0.0007642619598980857,-0.07642619598980857,0.955178245875491,95.5178245875491,15.762497366749269,0.1610148089692632,0.12991549687096737,0.0013270942049419514,0.13270942049419518,684,170
69,0.959187517262131,95.9187517262131,13.626375498461925,0.13326585768605873,-0.12150606137178861,-0.001188328435877467,-0.11883284358774669,0.9523506132222521,95.2350613222252,15.951441852222969,0.1545955518176322,-0.07021608336331013,-0.0006805086495996627,-0.06805086495996628,684,170
70,0.9592746642014474,95.92746642014474,13.852399420550272,0.1357486877013855,-0.0853583114540453,-0.0008364817106777088,-0.08364817106777087,0.9495409984224956,94.95409984224956,15.375062159205592,0.14782710263245427,-1.524682985608488,-0.014659418340013287,-1.4659418340013288,684,170
71,0.9603668060127594,96.03668060127593,13.771930845815795,0.13534328195276496,-0.08598829026204734,-0.0008450476221428543,-0.08450476221428543,0.9440855606813444,94.40855606813444,15.652751840837013,0.14883369202308275,3.396513659292845,0.032295641881993395,3.2295641881993395,684,170
72,0.9612286001641872,96.12286001641873,13.48940416503862,0.1301867623994178,-0.0671389287124179,-0.0006479604030761113,-0.06479604030761113,0.9413257702786167,94.13257702786167,16.666790211481754,0.17061821562481322,-0.12309632138035975,-0.0012601391412143004,-0.12601391412143,684,170
73,0.9577109946731186,95.77109946731186,14.046180637147966,0.1372467412614901,-0.10242328461347082,-0.0010007889265868984,-0.10007889265868984,0.9533004670350363,95.33004670350364,15.087446578309654,0.14675412782939246,-0.7803900252086071,-0.007590777996913893,-0.7590777996913893,684,170
74,0.9566877916395754,95.66877916395754,14.072040791494707,0.13868833987081644,-0.12870974928388895,-0.0012685112072842075,-0.12685112072842075,0.9611304988553087,96.11304988553087,14.259852532896419,0.13409975608175906,-0.9446095240256885,-0.008883114777809144,-0.8883114777809146,684,170
75,0.958825680672719,95.8825680672719,13.557789683553654,0.13320436640032146,-0.09065689874708982,-0.0008906978968756921,-0.08906978968756922,0.9532228621565052,95.32228621565052,16.293158149749186,0.15507910538482947,-0.6454086677719802,-0.006143032424148788,-0.6143032424148789,684,170
76,0.958347477412164,95.8347477412164,13.685302517257362,0.13512309398250807,-0.06166882426184869,-0.0006088928122719005,-0.06088928122719004,0.9546044749099569,95.46044749099569,15.840526290192972,0.14792926072615237,1.198296782100049,0.011190484069732767,1.1190484069732767,684,170
77,0.9569671003484691,95.69671003484692,13.969753735230173,0.1375333970706189,-0.08015599286911398,-0.000789142471928902,-0.07891424719289021,0.9602152660491869,96.02152660491869,14.635927402164505,0.1382028660505555,0.29595210710911074,0.0027945908921447084,0.2794590892144708,684,170
78,0.9566564380159929,95.66564380159929,14.074597942190948,0.14182104096784262,-0.1995041490481729,-0.0020102802376045057,-0.20102802376045056,0.9585036656535969,95.85036656535969,14.477480548065058,0.1255821581260969,-0.050692281841268075,-0.0004397205807203542,-0.04397205807203542,684,170
79,0.9584609988904311,95.84609988904312,13.660876174971584,0.13083518118132811,-0.14250768446815001,-0.0013648479408137765,-0.13648479408137767,0.9526144458909422,95.26144458909422,16.129979447231502,0.17072799703816371,0.7565881692114713,0.00800811824558253,0.800811824558253,684,170
80,0.9586367049595224,95.86367049595223,13.562947510164706,0.13442495673928584,-0.08418473998170743,-0.0008343709965453978,-0.0834370996545398,0.9534532579799679,95.3453257979968,16.29474824109533,0.1500055343394438,-1.4303926384987704,-0.013167850701250955,-1.3167850701250954,684,170
81,0.9595325890288708,95.95325890288709,13.697547053094883,0.13525980666743037,-0.08040448232270284,-0.0007939738912381653,-0.07939738912381653,0.9502041455389418,95.02041455389418,15.721781037418332,0.14675503933456602,-2.1893629549447278,-0.020436618841456387,-2.0436618841456387,684,170
82,0.9575287126310525,95.75287126310525,14.15231958901935,0.13659113753515936,-0.23205204825978107,-0.0022396507540544813,-0.22396507540544813,0.9562052475878409,95.62052475878409,14.260676098629258,0.1459569011527516,-0.44254663512421655,-0.004529430093746872,-0.45294300937468723,684,170
83,0.9601852097937841,96.01852097937841,13.469450260881043,0.13498044803161421,-0.06874952081892241,-0.0006889547043392058,-0.06889547043392058,0.9461340548002937,94.61340548002937,16.688072870673984,0.14757067221590042,0.25465505652566395,0.002251884814136278,0.2251884814136278,684,170
84,0.9580986649951218,95.80986649951217,14.147337766089148,0.13821245285936457,-0.1131016846027525,-0.0011049471999560474,-0.11049471999560476,0.9555330891388383,95.55330891388382,14.030347962508289,0.13656168933724241,1.6386860768914084,0.015949835282182287,1.5949835282182288,684,170
85,0.9593921486374832,95.93921486374832,13.827097919767267,0.1360539365416878,-0.1603496292083311,-0.00157778576555858,-0.157778576555858,0.9498338192355413,94.98338192355413,15.33776288656804,0.14513886394191855,2.2486636646880607,0.02127875441118677,2.127875441118677,684,170
86,0.9603429553680934,96.03429553680934,13.913651982636711,0.13368983189449027,-0.15401941175989808,-0.0014799011282131394,-0.14799011282131397,0.9374860104316991,93.74860104316991,15.714776771744138,0.1639678664446786,0.8930226968814701,0.009317792318730854,0.9317792318730854,684,170
87,0.96281661725236,96.281661725236,13.289410522764204,0.12944212595918944,-0.14258749158607462,-0.0013888372260360052,-0.13888372260360052,0.9359142601502701,93.59142601502701,17.046798894587788,0.16794389105386248,-1.9805028231982145,-0.019511777690805625,-1.9511777690805625,684,170
88,0.9577997444726638,95.77997444726638,14.11988395552494,0.13788063326265215,-0.09384038682264303,-0.0009163511542639466,-0.09163511542639466,0.957876060215758,95.7876060215758,13.976196803994068,0.13628665825445216,-1.162277169374548,-0.011333760793510951,-1.133376079351095,684,170
89,0.956822220446551,95.68222204465509,13.891473418690609,0.135443885609475,-0.06999935347603119,-0.0006825038740806545,-0.06825038740806545,0.9607169681033437,96.07169681033437,14.9155771012379,0.14634255068509147,1.037344512068231,0.01017779203612896,1.017779203612896,684,170
90,0.9589273179216031,95.89273179216032,13.930943116170837,0.13600475423854372,-0.006985502108944917,-6.819793101136595e-05,-0.006819793101136597,0.9509892304706791,95.09892304706791,15.071148880535667,0.14709806802837724,0.31852004087596447,0.0031088328443019684,0.31088328443019686,684,170
91,0.9547495547108965,95.47495547108966,13.996280519059477,0.14000804170699424,-0.08178124879288523,-0.0008180768080671312,-0.08180768080671312,0.9644156875104477,96.44156875104477,14.738435867962654,0.13116812103392111,-2.630252365104932,-0.02340853966232526,-2.3408539662325265,684,170
92,0.9609241999908021,96.09241999908022,13.511607233346103,0.13270221134866556,-0.1850666181813148,-0.0018176038612837725,-0.18176038612837725,0.9422395821924988,94.22395821924988,16.720376928058624,0.15937203975071856,-2.3579576247163114,-0.022475122296207146,-2.2475122296207144,684,170
93,0.9571890830724985,95.71890830724985,14.518398557526321,0.1401150570846779,-0.15032770872695864,-0.0014507919317842059,-0.14507919317842058,0.9603888355475281,96.0388835547528,12.280709748546904,0.12572767747577393,-0.7312414555770593,-0.0074863173030033,-0.7486317303003299,684,170
94,0.9584113424664535,95.84113424664535,13.947597400980612,0.1348279575775282,-0.11617592932211117,-0.0011230438347087826,-0.11230438347087826,0.9542167719847088,95.42167719847087,14.831576849751707,0.1507850961904238,-1.1320405984107111,-0.01150888083256512,-1.150888083256512,684,170
95,0.9557594991551746,95.57594991551746,14.415467718771806,0.13953236171392305,-0.1641047579984567,-0.0015884274377166976,-0.1588427437716698,0.9658264220287911,96.58264220287911,12.715303608050418,0.1285619235128836,-1.026916808369543,-0.010382953033705985,-1.0382953033705984,684,170
96,0.9564349229260208,95.64349229260209,14.28256506995197,0.13901097809876842,-0.12840562340474793,-0.001249760894870976,-0.12497608948709761,0.9629804379776487,96.29804379776486,13.335725430676371,0.13178666731860203,-1.0283954346893232,-0.010162837239555935,-1.0162837239555937,684,170
97,0.9581439519089715,95.81439519089714,14.021971384892037,0.1368487138779702,-0.09283733515753424,-0.0009060544746122692,-0.09060544746122692,0.9556587815857226,95.56587815857226,14.50618174803705,0.14177024594654114,-0.0802993899607981,-0.000784773309878048,-0.0784773309878048,684,170
98,0.9582387318678667,95.82387318678667,13.722516158688956,0.1356032750471805,-0.12382193721500385,-0.0012235846556762269,-0.12235846556762268,0.9553972404440971,95.53972404440971,15.622956619255818,0.14543726557366532,0.06845388354902707,0.0006372510584198779,0.0637251058419878,684,170
99,0.9585054834247703,95.85054834247703,14.104295274339869,0.13628243205750687,-0.12291000899277607,-0.0011876151643123868,-0.11876151643123868,0.954308131541563,95.4308131541563,14.07206727599448,0.1433318416636646,-0.10810739822903506,-0.0011011340538478016,-0.11011340538478016,684,170
100,0.9560345602533133,95.60345602533134,14.496237306195,0.14062479708405612,-0.16551780682999873,-0.001605651694824253,-0.1605651694824253,0.9625092163146262,96.25092163146262,12.852710697294338,0.12875583793209333,1.7900785148851195,0.017932641959862244,1.7932641959862243,684,170
101,0.9593522069371049,95.93522069371049,13.817079135255804,0.13416049105985367,-0.09934383159786284,-0.0009646045376499855,-0.09646045376499855,0.949571216249878,94.95712162498779,15.464417986168321,0.15432644893740033,0.5466454461899408,0.005455223120181388,0.5455223120181388,684,170
102,0.9551689565711864,95.51689565711864,14.105099150625724,0.1380328349571074,-0.12156582658000262,-0.0011896460632818343,-0.11896460632818344,0.9642778868057998,96.42778868057998,14.38016339837667,0.1390256925457253,1.1940132550896263,0.011543576738241383,1.1543576738241383,684,170
103,0.9593701333389539,95.9370133338954,13.696234968451343,0.13348453121836934,-0.11438762730885146,-0.0011148303781057336,-0.11148303781057337,0.9475040455208825,94.75040455208826,16.31236000750252,0.16031803447176923,-0.9159905180765736,-0.00900236381402038,-0.900236381402038,684,170
104,0.9572635538801435,95.72635538801435,14.254768160561946,0.13839266441777812,-0.12765254645060942,-0.001239316965665585,-0.12393169656655852,0.9549120566992486,95.49120566992487,14.258074534570046,0.14236301367772275,-0.7425290899139744,-0.0074139519138597225,-0.7413951913859722,684,170
105,0.9595931854805995,95.95931854805994,14.094600527302418,0.1362665251427917,-0.08975393740020417,-0.0008677406034827348,-0.08677406034827348,0.9469902853582459,94.6990285358246,14.275355628280495,0.14505134015956803,0.6674069922981518,0.006781496810694462,0.6781496810694462,684,170
106,0.9560267573307256,95.60267573307256,14.129719152941421,0.13873625016309943,-0.0806829368275178,-0.0007922059870005163,-0.07922059870005164,0.9630757344892796,96.30757344892797,14.082795182760961,0.13437027451699857,-1.0342359877824603,-0.009868110115228054,-0.9868110115228054,684,170
107,0.9597700209850772,95.97700209850773,13.95074654957397,0.134004842665413,-0.10099558631324901,-0.0009701199577897407,-0.09701199577897407,0.9474932181703608,94.74932181703608,14.716257032823643,0.15375693388687897,0.10494984700438888,0.0010965265591175723,0.10965265591175724,684,170
108,0.9571366877078046,95.71366877078046,14.088619670055596,0.13950461155628366,-0.20511751183277868,-0.002031060492919835,-0.20310604929198356,0.9582496492768305,95.82496492768306,14.407422738494931,0.13309614424058744,-0.506364711013016,-0.00467781030921372,-0.46778103092137197,684,170
109,0.9600272035603518,96.00272035603517,13.828445805213512,0.13254695758408036,-0.11706952473219458,-0.0011221224386052438,-0.11221224386052439,0.9399576900006508,93.99576900006508,16.11522461620078,0.16996229153250442,3.0548203841168116,0.03221824610391952,3.221824610391952,684,170
110,0.9588494262929398,95.88494262929397,14.401203349020227,0.13833950695290947,-0.08485380761496604,-0.0008151147945098675,-0.08151147945098676,0.9496896990354038,94.96896990354038,12.907852219840347,0.13482939233868466,1.4415004532082163,0.015057240108719363,1.5057240108719363,684,170
111,0.9588537829163282,95.88537829163282,14.095200968801706,0.13552620613705632,-0.08646146603344466,-0.0008313322026764189,-0.08313322026764189,0.9447047103606248,94.47047103606248,15.182321176037076,0.15794400655559585,1.009374756621026,0.010500679792522852,1.0500679792522853,684,170
112,0.9572937988891131,95.72937988891131,14.329627403784992,0.13702631832032156,-0.055473436991073564,-0.000530461862075587,-0.0530461862075587,0.9578225678460462,95.78225678460463,13.321535239147174,0.1419867954867785,0.8109742094357634,0.008643720648790567,0.8643720648790567,684,170
113,0.9588701308095627,95.88701308095628,14.057633592566477,0.13659452562388888,-0.09796265188600857,-0.0009518786981546678,-0.09518786981546677,0.9510964758566163,95.10964758566163,14.517027176434596,0.1444421135800044,-2.118205089381511,-0.021075804046357883,-2.1075804046357884,684,170
114,0.9542187415310225,95.42187415310225,14.559188648632704,0.14100130454068877,-0.1325381578785151,-0.0012835916625096718,-0.12835916625096722,0.9701929940683535,97.01929940683534,12.211818650511939,0.12318555309161318,0.2195368355867506,0.0022145568395418895,0.22145568395418894,684,170
115,0.9590396481766701,95.903964817667,13.75733539993261,0.13457493011775504,-0.07737763867454628,-0.0007569118593528638,-0.07569118593528638,0.9534035143763726,95.34035143763727,15.345448231076364,0.14859795160991263,-0.4502911614762257,-0.004360403372767572,-0.4360403372767572,684,170
116,0.9623932834464716,96.23932834464716,13.447283333109503,0.13045893240639816,-0.08183703482464555,-0.0007939426819572871,-0.07939426819572871,0.9352637155503856,93.52637155503855,16.666311809702613,0.16690758862389285,-1.528722749298908,-0.015309651629788002,-1.5309651629788001,684,170
117,0.9612466725026839,96.12466725026839,13.552444824688896,0.1311708790987885,-0.03731306406859471,-0.0003611442421688177,-0.03611442421688177,0.9420355752963591,94.2035575296359,16.259446427474984,0.16443810562368358,-1.3171740453527045,-0.013321093418561029,-1.3321093418561027,684,170
118,0.9582275646663796,95.82275646663795,14.338358319767758,0.13763684257333283,-0.160660165525459,-0.0015422098832435485,-0.15422098832435485,0.9536153584982877,95.36153584982877,13.245566131554234,0.13879363168477102,0.27935811006857153,0.0029272532598394424,0.29272532598394424,684,170
119,0.9575338838172004,95.75338838172004,14.095685721163754,0.13902814656434362,-0.1636154945084329,-0.0016137674605331608,-0.1613767460533161,0.9563118280344729,95.63118280344729,14.47909124060404,0.13576119570136214,2.1619875185335613,0.020271576836564796,2.0271576836564797,684,170
120,0.9604486811799545,96.04486811799545,13.768444708553936,0.13364292103068592,-0.0850029759356624,-0.0008250783760118788,-0.08250783760118789,0.944781957486159,94.4781957486159,15.505603624752885,0.15495485983904572,-0.8873552477224149,-0.00886776235004265,-0.8867762350042653,684,170
121,0.9574247596052162,95.74247596052162,14.175111200028718,0.13764510225409912,-0.12600437210934506,-0.0012235448765593614,-0.12235448765593614,0.9590697924843682,95.90697924843681,13.797066441472598,0.13765325220963082,-0.5428597357284687,-0.0054161084483919245,-0.5416108448391924,684,170
122,0.9610842435103484,96.10842435103484,13.697328649422579,0.13403011067215592,-0.18121841138651493,-0.0017732453061196562,-0.17732453061196563,0.9414304259303581,94.1430425930358,15.771518139094606,0.152532659956199,0.29770354709669994,0.002879210074551645,0.28792100745516447,684,170
123,0.9610604370425205,96.10604370425206,13.78070266256484,0.13447234830410704,-0.15726406585233815,-0.0015345856272237193,-0.15345856272237193,0.9410841117767145,94.10841117767144,15.395763546227442,0.15056201910205516,-0.7374525504345526,-0.007211876478357166,-0.7211876478357165,684,170
124,0.9559479393776152,95.59479393776152,14.280522143535809,0.141642674687267,-0.13605155368124044,-0.0013494398709708397,-0.13494398709708397,0.9635661291629954,96.35661291629954,13.452186390121094,0.12349319514426811,0.4549151906064693,0.004176193280291809,0.4176193280291809,684,170
125,0.960953884864492,96.0953884864492,13.872328922975065,0.13433919633417826,-0.12948490817718802,-0.0012539277722228193,-0.1253927772222819,0.937910897420309,93.79108974203089,15.363959633315915,0.15503122960597512,-0.05540283818594673,-0.000559046647649545,-0.0559046647649545,684,170
126,0.9574547443272963,95.74547443272962,14.115349800493238,0.13642220057504748,-0.01703429109033028,-0.00016463321905756657,-0.01646332190575666,0.9529630395681508,95.29630395681508,14.997417384105715,0.15260070120413538,0.15207193211581857,0.001547351979343833,0.1547351979343833,684,170
127,0.9582435456432724,95.82435456432724,13.847751042665141,0.13601414316707003,-0.12816350779788205,-0.0012588361564781604,-0.12588361564781603,0.9557002618927207,95.57002618927207,15.119971618104628,0.14407398631663307,1.1649525041183746,0.011100507023234592,1.1100507023234594,684,170
128,0.9569065259508023,95.69065259508022,14.246184860668318,0.13944103392724758,-0.09206025118054774,-0.0009010817095079785,-0.09010817095079784,0.9600963764714314,96.00963764714314,13.687762903315527,0.13222787470954547,0.6835167169807754,0.006602975479135563,0.6602975479135564,684,170
129,0.9573114569914689,95.7311456991469,14.085415264550374,0.13869565088573954,-0.11219800387602934,-0.0011047863966659813,-0.11047863966659816,0.9585792462561135,95.85792462561135,14.29087001822797,0.13485619858334147,-0.29581669417152523,-0.0027914825901138095,-0.27914825901138096,684,170
130,0.9537405675609364,95.37405675609364,14.518089054900674,0.1421992793438181,-0.1600382663107572,-0.001567515259809061,-0.1567515259809061,0.9701154735028541,97.01154735028541,12.59821348587626,0.12137419908865561,-0.8880355204388755,-0.008555546401589582,-0.8555546401589583,684,170
131,0.9592775072334533,95.92775072334533,13.98587181148834,0.13617095386147696,-0.09984784375561397,-0.0009721507753306642,-0.09721507753306644,0.9496365193098552,94.96365193098552,14.746812429728056,0.14552324887699505,-1.1514778842103455,-0.011362916801091224,-1.1362916801091223,684,170
132,0.9588772474308095,95.88772474308095,13.91946019047346,0.13544009938366205,-0.1468093403091209,-0.0014284944509217253,-0.14284944509217254,0.952513818235348,95.2513818235348,14.918109099696968,0.14758800866811095,0.6093082175019479,0.006028015071163101,0.60280150711631,684,170
133,0.9593971536753266,95.93971536753266,13.853881355111964,0.13630982899367197,-0.10265883339510108,-0.0010100713053683428,-0.10100713053683427,0.9503330497123612,95.03330497123612,15.137707219552167,0.14327687209156836,-1.1838125855209929,-0.01120466672634576,-1.120466672634576,684,170
134,0.9571345357594109,95.71345357594109,14.057789489057232,0.13440865550521244,-0.10448368554663746,-0.0009989843500988968,-0.09989843500988968,0.9593051279640448,95.93051279640447,14.26803311187564,0.15216752900037386,0.4082452685324818,0.004353905913420989,0.4353905913420989,684,170
135,0.9544337593780374,95.44337593780374,14.400386139099345,0.13908485308545224,-0.14141302774648043,-0.0013658251937484747,-0.13658251937484747,0.9687563971548886,96.87563971548886,12.880832231611828,0.13143311901647675,2.293844849444578,0.023405877639061146,2.3405877639061146,684,170
136,0.9596909006672661,95.96909006672661,13.662692017899106,0.13417932451815334,-0.039896417830573766,-0.00039181695585227446,-0.039181695585227445,0.949135177564079,94.9135177564079,15.956544543909951,0.1521213427881881,-1.5054117934033913,-0.014351807988973496,-1.4351807988973497,684,170
137,0.9576370610396562,95.76370610396562,14.177085769500772,0.13642668151867526,-0.07737127866365477,-0.0007445470080774438,-0.07445470080774437,0.9562680051403961,95.62680051403962,14.047031402854296,0.14560769615524385,2.5818485931267676,0.026762738309993202,2.6762738309993197,684,170
138,0.9571864060736588,95.71864060736588,14.039962498144318,0.13760665252958895,-0.10177214959380596,-0.0009974759425600461,-0.09974759425600462,0.9596342796833184,95.96342796833184,14.372796418723583,0.1381116928198046,-0.7708022946088985,-0.007406826523970129,-0.7406826523970128,684,170
139,0.9619549063584889,96.19549063584888,13.853840368308095,0.13387433157569947,-0.0793924464469389,-0.00076719598448365,-0.07671959844836501,0.9316626362879843,93.16626362879843,15.075916095019487,0.15349866057480643,-1.0680683196571625,-0.010874765781160095,-1.0874765781160094,684,170
140,0.9571981269049451,95.7198126904945,14.133769787230287,0.13700113135906444,-0.04771511507645715,-0.0004625110530885196,-0.04625110530885196,0.9583757297270823,95.83757297270823,14.21813615649097,0.14290006483215378,2.8246419508294456,0.028389200487215452,2.8389200487215454,684,170
141,0.9622412999103586,96.22412999103585,13.425866586408024,0.13136423546539747,-0.10599332943818957,-0.0010370826044238948,-0.10370826044238948,0.9354186840498997,93.54186840498997,16.9280284001091,0.1637652484289968,0.3517660050877493,0.0034030570985868476,0.3403057098586848,684,170
142,0.9584915706260018,95.84915706260017,14.005303461473659,0.1363570411314371,-0.08014812919613398,-0.0007803302355759906,-0.07803302355759906,0.9547775852044074,95.47775852044073,14.471781166355454,0.14282247342794605,0.8178501625936557,0.008071389538879429,0.8071389538879429,684,170
143,0.956117855222496,95.6117855222496,14.516893403673235,0.13934985521438095,-0.15140187187518256,-0.0014533294650806298,-0.145332946508063,0.9644846791931841,96.44846791931842,12.303144804895675,0.1289216507635478,-1.3333619114824133,-0.013971973948087645,-1.3971973948087644,684,170
144,0.9538691008611299,95.38691008611299,14.667525276453704,0.14407557334031743,-0.11582558018076448,-0.001137726818770703,-0.1137726818770703,0.9726068361580077,97.26068361580077,11.554524027027957,0.11007145172395982,-0.5516369376487049,-0.005255039360299003,-0.5255039360299003,684,170
145,0.956337519721319,95.6337519721319,13.99241774440736,0.13639816522548154,-0.04661186133257787,-0.0004543726809506765,-0.04543726809506765,0.9624121374577924,96.24121374577925,14.51286342887997,0.14251803914816794,-0.5878830601419193,-0.005773081335081291,-0.5773081335081292,684,170
146,0.9620290176860468,96.20290176860468,13.005566117338011,0.12890419243684628,-0.021385968455056536,-0.0002119662433997286,-0.02119662433997286,0.9401691833245003,94.01691833245003,18.42619744497695,0.1696096924318076,-2.4299530226325308,-0.022367261939049535,-2.2367261939049534,684,170
147,0.9616732268408495,96.16732268408495,13.235533622752937,0.13196292017542877,-0.13892192958437935,-0.0013851004445219258,-0.1385100444521926,0.9414848194948727,94.14848194948728,17.381927449504317,0.15654250677656173,-0.3022325940779099,-0.002721921837723943,-0.2721921837723943,684,170
148,0.9599901939333115,95.99901939333115,14.098371317698188,0.13652219189704806,-0.1777426956058546,-0.0017211791242396442,-0.1721179124239644,0.940685914385235,94.0685914385235,14.700672226074612,0.14836557639276696,2.9551952557500147,0.029825115527359558,2.9825115527359563,684,170
149,0.9578194188255185,95.78194188255185,14.175505347725066,0.13813191789401022,-0.0941258535194151,-0.0009172007876342872,-0.09172007876342872,0.9560408759579454,95.60408759579454,14.029409632868312,0.13797689610295413,0.6411811146596638,0.006305908969491358,0.6305908969491357,684,170
150,0.9574478449881004,95.74478449881005,14.184504124851792,0.14007101319687387,-0.11399070226857497,-0.0011256504295985967,-0.11256504295985967,0.9588803414333975,95.88803414333975,13.743919286999265,0.12828352241438265,-0.04042818745279947,-0.0003773501708628261,-0.0377350170862826,684,170
151,0.9592604929076606,95.92604929076606,13.438650707527886,0.13510052520189414,-0.0559798086437405,-0.0005627723878733143,-0.05627723878733144,0.9501059201574635,95.01059201574635,16.763431837527474,0.1465855024859535,-2.2444571093700736,-0.01962634360159212,-1.962634360159212,684,170
152,0.9575616640034015,95.75616640034015,14.19888958749274,0.13917627360870932,-0.17427814979327094,-0.0017082591783102211,-0.1708259178310221,0.9580313597270387,95.80313597270387,13.785580379875947,0.13242407963807537,-1.2564478993800123,-0.012069419792544745,-1.2069419792544744,684,170
153,0.9549300582359453,95.49300582359453,14.493959199689948,0.14186989256708535,-0.11912788089765358,-0.0011660485193760023,-0.11660485193760023,0.9686817206150709,96.86817206150708,12.375771027827286,0.11954141427820171,-0.5697641969697097,-0.005503529255485958,-0.5503529255485958,684,170
154,0.9569724161184734,95.69724161184735,14.317150810449387,0.13946845743849887,-0.14238757108550187,-0.0013870479651032067,-0.13870479651032067,0.9603912000420256,96.03912000420256,13.316626830286047,0.13113369601463365,-2.0243136659118246,-0.01993415722217454,-1.993415722217454,684,170
155,0.9574457636130953,95.74457636130953,14.097276498307348,0.13828291959533096,-0.0666278677470466,-0.0006535656784187676,-0.06535656784187675,0.9562074664288411,95.62074664288411,14.574831590643798,0.13959701451957823,0.8419234845531478,0.00806390140198856,0.8063901401988559,684,170
156,0.9637782566486849,96.37782566486848,13.193603987502058,0.12719469042788634,-0.08636635294780519,-0.0008326262889948617,-0.08326262889948616,0.929749281823746,92.97492818237461,17.332325392975708,0.17825245868431575,1.5785117144709402,0.016234035986912195,1.6234035986912192,684,170
157,0.9555280487587787,95.55280487587787,14.448895689926788,0.14188666420561374,-0.07176890960922054,-0.0007047632841052172,-0.07047632841052172,0.9662507927746902,96.62507927746901,12.661892316917118,0.12075790283790332,-1.9357482412343998,-0.018461450483298718,-1.8461450483298718,684,170
158,0.9590170605618441,95.90170605618441,13.847277378624016,0.13541427219109367,-0.13153911130980872,-0.0012863375619367413,-0.12863375619367412,0.9514839662642218,95.14839662642218,15.292686529509234,0.1482635408656304,-1.0757961212446308,-0.010429909870804019,-1.042990987080402,684,170
159,0.9583756795928621,95.8375679592862,14.110653910514902,0.13909474911538514,-0.14995664128140102,-0.0014781867324858199,-0.14781867324858197,0.9492883226026367,94.92883226026368,14.902837483359047,0.14004645429711157,-0.7232270182864274,-0.00679638221083634,-0.679638221083634,684,170
160,0.9590348890366756,95.90348890366755,13.825093766867234,0.13510500575827458,-0.12476871144341124,-0.0012192957069421992,-0.12192957069421992,0.9520620938817692,95.20620938817692,15.283855427069554,0.14858296339556032,0.6426628660423424,0.006247687539083439,0.624768753908344,684,170
161,0.9581327946907684,95.81327946907685,14.042123058313933,0.1352712332370487,-0.1292113869619057,-0.0012447251451950451,-0.12447251451950449,0.9553783286349727,95.53783286349727,14.417445190638183,0.1487642670880089,-1.8786199955630085,-0.019384261433383596,-1.9384261433383596,684,170
162,0.9586375123675052,95.86375123675052,14.283797328304418,0.1367496164556692,-0.1194773195787128,-0.0011438469233363085,-0.11438469233363084,0.9510768755282881,95.1076875528288,13.485098757291702,0.1429726766207187,0.8930182154896767,0.009468021468554601,0.9468021468554602,684,170
163,0.9591327104654737,95.91327104654737,13.747784964004653,0.13384981517606373,-0.03047233287535617,-0.0002966816933803573,-0.02966816933803573,0.9506760620787398,95.06760620787398,15.761376244276281,0.15554952869722782,-0.13224962065030016,-0.0013051757564642755,-0.13051757564642755,684,170
164,0.9605303876837336,96.05303876837336,13.878244809492479,0.13285338041852718,-0.05510321324122075,-0.0005274909220517516,-0.05274909220517516,0.9400527239600277,94.00527239600277,15.34632263126025,0.16277998672953406,0.7605976265603703,0.008067735478583825,0.8067735478583825,684,170
165,0.9590009781004512,95.90009781004511,13.907727780556362,0.1375239011096959,-0.19636288486494125,-0.0019416967592315426,-0.19416967592315426,0.9465230476906389,94.65230476906389,15.734061479443803,0.14610752452643505,-2.0815816881788205,-0.019329703773988065,-1.932970377398806,684,170
166,0.9529078777124808,95.29078777124808,14.581966157521187,0.14462628329608454,-0.17420804020563285,-0.0017278233334974695,-0.17278233334974696,0.9721733193201675,97.21733193201675,12.287935647588956,0.11282346721019071,0.7306463196645139,0.006708535384061062,0.6708535384061063,684,170
167,0.9597978067073111,95.9797806707311,13.801375930675157,0.1351694695763246,-0.12394208630238167,-0.0012138779602720684,-0.12138779602720684,0.9464588325215961,94.6458832521596,15.659856941396534,0.150914422092448,2.6101049582118905,0.02515364494345455,2.515364494345455,684,170
168,0.9559989929979997,95.59989929979997,14.360079871620442,0.14046919812811146,-0.13152898633891044,-0.0012866064399922592,-0.12866064399922592,0.9646190040128522,96.46190040128522,13.01648201704551,0.1260518233235394,-0.46565069763375794,-0.00450936892101482,-0.45093689210148197,684,170
169,0.9577235332744344,95.77235332744344,13.975862808034298,0.13648030724976742,-0.0636262538372077,-0.0006213377157553227,-0.062133771575532265,0.9568055571873141,95.68055571873141,14.77877804331487,0.14408728005250612,0.6528651851306227,0.00636517907574905,0.6365179075749049,684,170
170,0.9558751891357209,95.58751891357208,14.566611133197014,0.14072589186492263,-0.12034688064011748,-0.00116265354764948,-0.11626535476494798,0.9663011064204642,96.63011064204642,12.001657103413102,0.12233078158457808,-0.6101377319844004,-0.0062190266714641715,-0.6219026671464173,684,170
171,0.9564865377899372,95.64865377899372,14.325204684328241,0.1372757356500273,-0.1111987752956581,-0.0010655968985066806,-0.10655968985066805,0.961615748318651,96.16157483186511,13.282663239777653,0.1402360450857793,-0.08136930004884023,-0.0008590828980798941,-0.08590828980798941,684,170
172,0.9596268787009458,95.96268787009457,13.574051708125305,0.13270290111236946,-0.11250304703310234,-0.0010998544168162685,-0.10998544168162686,0.949821908863669,94.98219088636691,16.28147373021672,0.1580373608469183,0.9120910254912541,0.008853280784606123,0.8853280784606123,684,170
173,0.9589148240673574,95.89148240673573,14.070898230077118,0.1377328256299944,-0.12767395261623282,-0.0012497350180243174,-0.12497350180243173,0.9513093017144069,95.13093017144068,14.39362603945245,0.13901670454429804,0.8646410561360339,0.008350887393369111,0.8350887393369111,684,170
174,0.9561060073158715,95.61060073158714,14.28084582328613,0.1386531214824679,-0.15863556518971936,-0.0015401970278136386,-0.15401970278136387,0.9631561460998764,96.31561460998765,13.49817985589122,0.13474638869160982,0.9743356963177766,0.009726364432375324,0.9726364432375324,684,170
175,0.9570208602493699,95.70208602493699,14.390129075677974,0.14011151995176852,-0.17428180195854856,-0.0016969193287930866,-0.16969193287930864,0.9601911107742992,96.01911107742993,13.02079691037525,0.12847357583004687,-0.0050114509502362,-4.9446975335334985e-05,-0.004944697533533498,684,170
176,0.9564073934559988,95.64073934559988,14.139584431991358,0.13976585567847036,-0.09275385328044428,-0.000916846017191668,-0.0916846017191668,0.9600045130747955,96.00045130747955,14.3663144511405,0.13358969563852144,1.4522152596709788,0.013503880567340724,1.3503880567340725,684,170
177,0.9551977631298787,95.51977631298787,14.403257653402823,0.14059779701913103,-0.1494953898531445,-0.0014593033731436806,-0.14593033731436808,0.9663237803287223,96.63237803287224,12.99593153116397,0.1269090196970391,0.16070085961446054,0.0015692902435841076,0.15692902435841077,684,170
178,0.9579421367004285,95.79421367004285,13.90936307129779,0.13645627407084834,-0.13198422334513654,-0.0012948166829418748,-0.12948166829418747,0.9547750151193022,95.47750151193021,15.234933146836577,0.1458495874984355,1.7130889378961236,0.01640002699927586,1.640002699927586,684,170
179,0.9617649193481838,96.17649193481837,13.562160585342392,0.1337155724738623,-0.09367890321906591,-0.0009236233484950066,-0.09236233484950065,0.930261757360575,93.02617573605751,17.256143161105722,0.16203309310274588,0.3422064573251441,0.003213277164106056,0.3213277164106056,684,170
180,0.9591237886783014,95.91237886783014,13.841926140189466,0.13526447461314683,-0.08435379206967444,-0.0008243124006277183,-0.08243124006277183,0.9511090864794836,95.11090864794835,15.297177756002432,0.14873459152041624,-0.8852818525616837,-0.008607603103097421,-0.860760310309742,684,170
181,0.956613262194308,95.6613262194308,14.267136642996464,0.14010824584479514,-0.1610584949618392,-0.0015816504581235094,-0.15816504581235097,0.9621959025798147,96.21959025798147,13.417142542537752,0.12793784220769325,-1.0114477995807198,-0.009644560946849803,-0.9644560946849803,684,170
182,0.9590057050874239,95.90057050874239,13.73546682972546,0.13441329662491297,-0.1477589671389441,-0.0014459479335683146,-0.14459479335683145,0.9515054432498455,95.15054432498455,15.769129609435806,0.15246445580931856,0.658129439610052,0.006363150620703689,0.6363150620703689,684,170
183,0.9562423826198583,95.62423826198582,14.117095771722285,0.13936954521828301,-0.08112781898092035,-0.0008009258716350435,-0.08009258716350436,0.9610585591601225,96.10585591601225,14.358853074032785,0.13415432511255934,-1.1269981109322929,-0.010529508881783396,-1.0529508881783396,684,170
184,0.9582513135074653,95.82513135074653,14.170554778616749,0.13810354879422454,-0.15088729617232186,-0.0014705190724647805,-0.14705190724647801,0.9525157064057476,95.25157064057476,14.277240006947785,0.14033226954723302,1.4236267561909113,0.013992954771875791,1.3992954771875792,684,170
185,0.9553145148399929,95.53145148399929,14.525455397555488,0.14224372839127297,-0.16878371902719677,-0.0016528518266087494,-0.16528518266087494,0.9672948604878054,96.72948604878054,12.327006270457817,0.11885292857098133,1.7476210479658936,0.01684998571638754,1.684998571638754,684,170
186,0.9593348494265695,95.93348494265696,13.773923566576185,0.13497423711251538,-0.13482689075506207,-0.0013212035506046092,-0.1321203550604609,0.9502118497149,95.02118497149,15.573564320464786,0.14975936365728876,-0.4675827669238878,-0.0044963950570787465,-0.44963950570787475,684,170
187,0.9587193143264985,95.87193143264984,13.85652563978718,0.13575489196766402,-0.09512960615194076,-0.0009320019853318362,-0.09320019853318363,0.9542844365335604,95.42844365335604,15.01126899377382,0.14447313848488133,-0.4898156021341825,-0.004714138248307878,-0.4714138248307878,684,170
188,0.9583503671250796,95.83503671250796,13.866948069542447,0.1360208524300504,-0.11052447471956654,-0.0010841342442724708,-0.10841342442724708,0.9551133990184411,95.51133990184411,15.077970069939315,0.14442744197218138,-1.0393692144376547,-0.009955812102661263,-0.9955812102661264,684,170
189,0.9569760871166859,95.6976087116686,14.052332575366925,0.13653681020313305,-0.029952201517494566,-0.0002910248552563427,-0.029102485525634266,0.9562332655730219,95.62332655730219,15.048628114999449,0.149759507071559,0.8171275328820164,0.008131812122929478,0.8131812122929478,684,170
190,0.9580779028915488,95.80779028915488,14.208382061412173,0.1375754100635735,-0.09826608917319232,-0.0009514804328116411,-0.09514804328116412,0.9505533706229174,95.05533706229174,14.506851744952021,0.14646336561974593,0.14852596437961132,0.001499540562446709,0.1499540562446709,684,170
191,0.9565908781772593,95.65908781772593,14.075662736260519,0.13833197524101956,-0.10041574277787355,-0.0009868599656038459,-0.09868599656038458,0.9615333065853005,96.15333065853005,14.241553843443524,0.13540097162781098,-0.34322870746237893,-0.003263232438808572,-0.32632324388085715,684,170
192,0.960676895756227,96.0676895756227,13.754072123479016,0.13494945494638974,-0.08287444720609771,-0.0008131309316282212,-0.08131309316282213,0.9434583640646859,94.34583640646859,15.564076904004416,0.14892847506392765,-1.4097290264090163,-0.013489318733861649,-1.3489318733861646,684,170
193,0.9587651962757765,95.87651962757765,14.048196640851998,0.13597414518595177,-0.11865378717619844,-0.001148463941445864,-0.11484639414458639,0.9527862897601683,95.27862897601683,14.369666716482646,0.14530355352141625,-0.39217907359669896,-0.003965646116550013,-0.39656461165500134,684,170
194,0.9582938555071774,95.82938555071775,13.822913261242393,0.1371133824853574,-0.1500853599109309,-0.00148873909356141,-0.148873909356141,0.9549915392008685,95.49915392008685,15.238592168401748,0.13985643084966243,-1.2973781313812045,-0.011907049740042367,-1.1907049740042368,684,170
195,0.9571738929101967,95.71738929101967,14.05430029770414,0.1362499348542649,-0.12713531087807342,-0.0012325179808235565,-0.12325179808235565,0.9577356266100729,95.77356266100729,14.650119665679568,0.1471556062941981,-1.4631328554308387,-0.014696685579591747,-1.4696685579591746,684,170
196,0.9598533113267815,95.98533113267816,13.827104766838566,0.13608297664910662,-0.12239067561631436,-0.00120453903639376,-0.12045390363937598,0.9454104054878146,94.54104054878147,15.622774304813086,0.14771419213885717,1.003424355798591,0.009487432590226833,0.9487432590226833,684,170
197,0.9597163212130276,95.97163212130276,13.677837986990943,0.13414644236044,-0.10351174431791547,-0.0010151993506560492,-0.10151993506560492,0.948675228803915,94.86752288039149,15.948116967470257,0.1528493079373728,0.10137621993156445,0.0009716059325030421,0.09716059325030421,684,170
198,0.956606806063357,95.6606806063357,14.427362340636241,0.13905734651050494,-0.057339822106287096,-0.000552666753854679,-0.0552666753854679,0.9576716059656851,95.76716059656852,13.508159881041614,0.1390586769718099,1.2071241404000326,0.012426643405394611,1.242664340539461,684,170
199,0.9591769946979425,95.91769946979424,13.657651779663302,0.13420381784172086,-0.12740739879308538,-0.0012519399099613186,-0.12519399099613185,0.951942503224207,95.1942503224207,15.887534921253232,0.15113797399109416,-1.4991251762663051,-0.014261164052381432,-1.4261164052381432,684,170
200,0.957733764717892,95.77337647178919,14.281145606552265,0.13787574623749443,-0.19747549199420325,-0.0019065053723578873,-0.19065053723578873,0.9566092715015894,95.66092715015894,13.506642779657517,0.13806321162538499,0.1353513861046463,0.0013835449244056204,0.13835449244056205,684,170
