Groups,Species,Species_ID,Origin,Origin_ID,SI,A_years,H_m,DBH_cm,N_trees,RS(P),BA_sq_m_ha,GS_cub_m,ALL_STEM_t_ha,Stem_wood_t_ha,Stem_bark_t_ha,Crown_t_ha,Foliage_t_ha,LN_GS_cub_m,LN_ALL_STEM_t_ha,LN_Stem_wood_t_ha,LN_Stem_bark_t_ha,LN_Crown_t_ha,LN_Foliage_t_ha
1,Pine,0,n,0,4,50,9.7,14.6,486,0.35,9.7,43.9,18.9,,,8.4,1.6,3.78,2.94,,,2.13,0.47
1,Pine,0,n,0,2,65,20.6,20.6,785,0.7,32.2,254,113.1,,,11.5,4.1,5.54,4.73,,,2.44,1.41
1,Pine,0,n,0,2,50,13.6,15.4,1745,0.93,35.2,190,87.8,,,13.7,4.1,5.25,4.48,,,2.62,1.41
1,Pine,0,n,0,1,60,23.3,22.2,665,0.62,29.6,277.7,106.5,,,14.4,5.4,5.63,4.67,,,2.67,1.69
1,Pine,0,n,0,3,65,15.6,16.4,955,0.59,20.4,142.5,67,,,14.2,3.4,4.96,4.20,,,2.65,1.22
1,Pine,0,n,0,6,50,5,10.5,955,0.52,7.9,28,13.1,,,3.6,1,3.33,2.57,,,1.28,0.00
1,Pine,0,n,0,7,80,5.1,7.4,1150,0.29,4.4,17.3,6.8,,,1.8,1,2.85,1.92,,,0.59,0.00
1,Pine,0,n,0,6,50,3.3,5.3,340,0.4,3.5,2.4,1.8,,,0.5,0.2,0.88,0.59,,,-0.69,-1.61
1,Oak,5,n,0,4,140,21.6,25.8,480,0.74,26.9,259.8,134.3,,,26.7,4.1,5.56,4.90,,,3.28,1.41
1,Oak,5,n,0,3,100,21.8,22.2,500,0.55,20,196.2,128.6,,,24.8,4.3,5.28,4.86,,,3.21,1.46
1,Oak,5,n,0,2,60,18.2,19.6,600,0.59,18.3,159,101.8,85.4,16.4,20.4,2.6,5.07,4.62,4.45,2.80,3.02,0.96
1,Spruce,1,n,0,2,27,8.8,5.2,10216,0.8,15.5,105,46.3,38,8.3,18.48,17.22,4.65,3.84,3.64,2.12,2.92,2.85
1,Spruce,1,n,0,2,30,10.2,6.7,6750,0.7,16.2,122,54.1,45,9.1,24.64,19.28,4.80,3.99,3.81,2.21,3.20,2.96
1,Spruce,1,n,0,1,35,14.1,10,3146,0.6,19.9,194,87.2,68.4,18.8,30.65,21.73,5.27,4.47,4.23,2.93,3.42,3.08
1,Spruce,1,n,0,1,51,19.4,15.9,1528,0.6,26.8,299,133.9,98.2,35.7,42.76,20.03,5.70,4.90,4.59,3.58,3.76,3.00
1,Spruce,1,n,0,1,62,23.1,24.6,669,0.6,30.8,363,162.5,115.3,47.2,54.09,11.25,5.89,5.09,4.75,3.85,3.99,2.42
1,Spruce,1,n,0,0,75,26.7,25.1,647,0.6,34.1,421,186.6,128.3,58.3,52.2,10.95,6.04,5.23,4.85,4.07,3.96,2.39
1,Spruce,1,n,0,-1,90,33.2,27.7,378,0.5,31.9,438,196.1,130.4,65.7,57.38,8.32,6.08,5.28,4.87,4.19,4.05,2.12
1,Oak,5,n,0,4,140,21.6,25.8,514,0.59,20.5,207,108.3,88.4,19.9,19.67,3.11,5.33,4.68,4.48,2.99,2.98,1.13
1,Oak,5,n,0,3,100,21.8,22.2,521,0.51,17.9,183,119,97,22,18.85,3.11,5.21,4.78,4.57,3.09,2.94,1.13
1,Oak,5,n,0,1,60,22.6,19.8,751,0.27,9.7,101,69.2,63.4,5.8,7.98,1.11,4.62,4.24,4.15,1.76,2.08,0.10
1,Oak,5,n,0,2,60,18.2,19.6,642,0.47,14.6,128,88.4,74,14.4,15.62,2.3,4.85,4.48,4.30,2.67,2.75,0.83
1,Oak,5,n,0,1,30,12.2,10.3,2736,0.99,22.2,146,88.7,73.1,15.6,18.4,3.5,4.98,4.49,4.29,2.75,2.91,1.25
1,Oak,5,n,0,1,40,15.7,14.3,1650,0.98,27.2,212,132.7,111.1,21.6,23.74,3.82,5.36,4.89,4.71,3.07,3.17,1.34
1,Oak,5,n,0,1,50,18.7,18.4,1105,0.97,30.6,273,171.6,144.7,26.9,28.39,4.37,5.61,5.15,4.97,3.29,3.35,1.47
1,Oak,5,n,0,1,60,21.3,22.2,820,0.95,32.8,328,202.8,171.4,31.4,37.39,5.25,5.79,5.31,5.14,3.45,3.62,1.66
1,Oak,5,n,0,1,70,23.5,26.1,628,0.94,34.5,376,234.1,198.9,35.2,43.24,5.64,5.93,5.46,5.29,3.56,3.77,1.73
1,Oak,5,n,0,1,80,25.3,29.9,498,0.94,36.1,417,259.1,220.9,38.2,44.2,5.84,6.03,5.56,5.40,3.64,3.79,1.76
1,Oak,5,n,0,1,90,26.8,33.5,410,0.93,36.9,451,280.7,239.7,41,47.81,6.31,6.11,5.64,5.48,3.71,3.87,1.84
1,Oak,5,n,0,1,100,28.1,37.1,343,0.92,37.5,482,300,257.3,42.7,51.57,6.27,6.18,5.70,5.55,3.75,3.94,1.84
1,Oak,5,n,0,1,110,29.2,40.6,291,0.92,38.3,509,314.5,270.4,44.1,54.46,6.62,6.23,5.75,5.60,3.79,4.00,1.89
1,Oak,5,n,0,1,120,30.1,43.8,254,0.92,38.9,531,327.4,282.1,45.3,57.35,6.37,6.27,5.79,5.64,3.81,4.05,1.85
1,Oak,5,n,0,1,130,30.8,46.6,227,0.92,39.4,549,337.2,290.9,46.3,53.8,6.59,6.31,5.82,5.67,3.84,3.99,1.89
1,Oak,5,n,0,1,140,31.4,48.8,209,0.92,39.9,564,345.6,298.4,47.2,55.27,6.77,6.34,5.85,5.70,3.85,4.01,1.91
1,Oak,5,n,0,1,150,31.9,50.8,194,0.92,40.2,577,352.6,304.9,47.7,57.12,6.35,6.36,5.87,5.72,3.86,4.05,1.85
1,Oak,5,n,0,1,160,32.3,52.6,182,0.92,40.5,586,358.3,310.1,48.2,58.01,6.45,6.37,5.88,5.74,3.88,4.06,1.86
1,Oak,5,n,0,1,170,32.6,54,174,0.92,40.7,594,363.9,315.2,48.7,58.81,6.53,6.39,5.90,5.75,3.89,4.07,1.88
1,Oak,5,n,0,1,180,32.8,55.3,166,0.92,40.8,600,356.5,307.7,48.8,59.4,6.6,6.40,5.88,5.73,3.89,4.08,1.89
1,Oak,5,n,0,2,30,10,8.9,3262,0.97,18,107,66.2,54.1,12.1,13.48,2.57,4.67,4.19,3.99,2.49,2.60,0.94
1,Oak,5,n,0,2,40,13.1,11.9,2140,0.99,23.6,162,99.3,82.2,17.1,19.44,3.24,5.09,4.60,4.41,2.84,2.97,1.18
1,Oak,5,n,0,2,50,15.8,15.6,1392,0.99,27.6,215,130.4,108.8,21.6,26.23,3.87,5.37,4.87,4.69,3.07,3.27,1.35
1,Oak,5,n,0,2,60,18.2,19.3,988,0.97,30,262,158.9,133.4,25.5,31.7,4.98,5.57,5.07,4.89,3.24,3.46,1.61
1,Oak,5,n,0,2,70,20.3,23,740,0.96,32.1,306,187.2,158.3,28.9,34.58,5.2,5.72,5.23,5.06,3.36,3.54,1.65
1,Oak,5,n,0,2,80,22.1,26.3,595,0.95,33.6,345,211.2,179.2,32,39.33,5.52,5.84,5.35,5.19,3.47,3.67,1.71
1,Oak,5,n,0,2,90,23.6,29.2,503,0.95,35,380,232.5,197.8,34.7,43.7,5.7,5.94,5.45,5.29,3.55,3.78,1.74
1,Oak,5,n,0,2,100,25.3,32,435,0.92,35.3,412,258,220.2,37.8,47.38,6.18,6.02,5.55,5.39,3.63,3.86,1.82
1,Oak,5,n,0,2,110,26.2,35.1,370,0.93,36.4,438,271.3,232.2,39.1,46.43,6.13,6.08,5.60,5.45,3.67,3.84,1.81
1,Oak,5,n,0,2,120,27.1,38,320,0.93,37.1,459,282.1,241.9,40.2,48.65,6.43,6.13,5.64,5.49,3.69,3.88,1.86
1,Oak,5,n,0,2,130,27.8,40.6,285,0.93,37.7,476,293.2,251.9,41.3,50.93,6.19,6.17,5.68,5.53,3.72,3.93,1.82
1,Oak,5,n,0,2,140,28.4,42.9,258,0.93,38.1,490,300.6,258.5,42.1,52.43,6.37,6.19,5.71,5.55,3.74,3.96,1.85
1,Oak,5,n,0,2,150,28.9,44.8,238,0.92,38.1,502,307.4,264.6,42.8,53.71,6.53,6.22,5.73,5.58,3.76,3.98,1.88
1,Oak,5,n,0,2,160,29.2,46.6,222,0.92,38.3,509,313,269.8,43.2,54.46,6.62,6.23,5.75,5.60,3.77,4.00,1.89
1,Oak,5,n,0,2,170,29.4,48,209,0.92,38.4,514,314,270.8,43.2,50.37,6.17,6.24,5.75,5.60,3.77,3.92,1.82
1,Oak,5,n,0,2,180,29.5,49.1,200,0.92,38.5,517,314.2,271,43.2,50.67,6.2,6.25,5.75,5.60,3.77,3.93,1.82
1,Oak,5,n,0,3,30,8.7,7.8,3935,0.94,15.2,85,53.4,43.2,10.2,11.99,2.47,4.44,3.98,3.77,2.32,2.48,0.90
1,Oak,5,n,0,3,40,11.4,10.2,2692,0.99,20.9,132,80.2,65.8,14.4,16.63,3.17,4.88,4.38,4.19,2.67,2.81,1.15
1,Oak,5,n,0,3,50,13.6,13.5,1700,1,24.7,174,104.4,86.6,17.8,20.71,3.65,5.16,4.65,4.46,2.88,3.03,1.29
1,Oak,5,n,0,3,60,15.8,16.5,1244,0.98,27.3,214,129.6,108.3,21.3,25.89,4.07,5.37,4.86,4.68,3.06,3.25,1.40
1,Oak,5,n,0,3,70,17.6,19.7,932,0.97,29.3,250,152,127.8,24.2,28.25,4.25,5.52,5.02,4.85,3.19,3.34,1.45
1,Oak,5,n,0,3,80,19.1,22.9,723,0.97,31.1,281,170.9,144,26.9,32.03,4.5,5.64,5.14,4.97,3.29,3.47,1.50
1,Oak,5,n,0,3,90,20.4,25.8,593,0.96,32.2,309,188.3,159.6,28.7,35.54,4.64,5.73,5.24,5.07,3.36,3.57,1.53
1,Oak,5,n,0,3,100,21.6,28.6,498,0.95,33.1,334,204,173.5,30.5,35.07,5.01,5.81,5.32,5.16,3.42,3.56,1.61
1,Oak,5,n,0,3,110,22.6,31.2,429,0.95,34,356,217.3,185.2,32.1,37.74,4.98,5.87,5.38,5.22,3.47,3.63,1.61
1,Oak,5,n,0,3,120,33.5,33.5,380,0.56,25.2,376,229.4,196,33.4,39.86,5.26,5.93,5.44,5.28,3.51,3.69,1.66
1,Oak,5,n,0,3,130,24.2,35.4,347,0.94,35.1,392,239.7,205.1,34.6,41.94,5.1,5.97,5.48,5.32,3.54,3.74,1.63
1,Oak,5,n,0,3,140,24.8,37,322,0.94,35.6,406,248.2,212.6,35.6,43.44,5.28,6.01,5.51,5.36,3.57,3.77,1.66
1,Oak,5,n,0,3,150,25.3,38.6,299,0.94,36.1,417,255.1,218.8,36.3,44.62,5.42,6.03,5.54,5.39,3.59,3.80,1.69
1,Oak,5,n,0,3,160,25.6,39.8,283,0.93,35.9,424,259.2,222.5,36.7,45.37,5.51,6.05,5.56,5.40,3.60,3.81,1.71
1,Oak,5,n,0,3,170,25.8,41,268,0.93,36.1,429,261.6,224.6,37,45.9,5.58,6.06,5.57,5.41,3.61,3.83,1.72
1,Oak,5,n,0,1,27,11.2,11,1795,0.74,15.3,96,54,,,16.32,1.92,4.56,3.99,,,2.79,0.65
1,Oak,5,n,0,1,44,18.2,20.6,1050,1.15,35.6,310,177,,,34.1,2.48,5.74,5.18,,,3.53,0.91
1,Oak,5,n,0,2,39,13.6,13.9,1254,0.82,20.2,143,81,,,17.16,1.72,4.96,4.39,,,2.84,0.54
1,Oak,5,n,0,0,39,17.7,17.9,1930,0.76,23.1,198,115,,,23.76,5.35,5.29,4.74,,,3.17,1.68
1,Oak,5,n,0,0,28,14.9,13.4,2189,0.8,21.3,159,91,,,14.31,4.93,5.07,4.51,,,2.66,1.60
1,Oak,5,n,0,2,24,7.3,6.7,2190,0.49,6.5,35,20,,,9.1,1.82,3.56,3.00,,,2.21,0.60
1,Oak,5,n,0,1,29,11.2,10.1,1463,0.46,9.5,60,35,,,13.2,1.68,4.09,3.56,,,2.58,0.52
1,Oak,5,n,0,3,29,8.4,8.2,1530,0.41,6.4,35,21,,,8.4,1.05,3.56,3.04,,,2.13,0.05
1,Oak,5,n,0,2,15,5,4.3,1900,0.21,1.7,9,5,,,2.52,0.52,2.20,1.61,,,0.92,-0.65
1,Oak,5,n,0,0,17,8.3,6.9,3750,0.18,2.8,15,8,,,1.8,0.63,2.71,2.08,,,0.59,-0.46
1,Oak,5,n,0,-1,35,17.8,18.1,808,0.74,22.6,193,113,,,11.58,1.54,5.26,4.73,,,2.45,0.43
1,Oak,5,n,0,2,42,14.3,16.7,867,0.65,16.7,121,69,,,15.73,2.78,4.80,4.23,,,2.76,1.02
1,Oak,5,n,0,1,48,19.5,28.5,714,0.88,28.6,265,152,,,47.7,2.65,5.58,5.02,,,3.86,0.97
1,Oak,5,n,0,1,17,7.1,9,2579,0.59,7.6,40,22,,,6,1.52,3.69,3.09,,,1.79,0.42
1,Oak,5,n,0,2,62,16.4,14.9,,1.35,38.7,312,173,,,21.84,5.62,5.74,5.15,,,3.08,1.73
1,Oak,5,n,0,1,27,10.2,11.8,3761,1.11,21,126,73,,,8.82,2.52,4.84,4.29,,,2.18,0.92
1,Oak,5,n,0,1,44,17.9,19.5,3320,1.57,48.1,413,238,,,28.91,5.37,6.02,5.47,,,3.36,1.68
1,Oak,5,n,0,0,30,14.6,17.6,912,0.52,13.6,101,70,59.9,10.1,10.3,3.33,4.62,4.25,4.09,2.31,2.33,1.20
1,Oak,5,n,0,3,110,23.5,37.7,320,0.86,31.6,345,201.6,175.6,26,50.72,5.18,5.84,5.31,5.17,3.26,3.93,1.64
1,Pine,0,n,0,2,60,18.3,18,1270,0.8,35,246,119.1,,,12.55,7.13,5.51,4.78,,,2.53,1.96
1,Pine,0,n,0,1,69,22.7,24.2,838,0.94,35.5,404,167.2,157.8,9.4,8.08,4.04,6.00,5.12,5.06,2.24,2.09,1.40
1,Pine,0,n,0,2,50,17.1,17.5,1033,0.81,24.8,228,92.4,84,8.4,9.32,5.08,5.43,4.53,4.43,2.13,2.23,1.63
1,Pine,0,n,0,2,59,18.9,23.2,638,0.76,27,246,100.2,91.3,8.9,7.66,3.58,5.51,4.61,4.51,2.19,2.04,1.28
1,Pine,0,n,0,4,125,20.7,24.3,594,0.85,27.6,280,115.3,107.7,7.6,1.15,2.43,5.63,4.75,4.68,2.03,0.14,0.89
1,Pine,0,n,0,2,34,12.9,11.7,3170,1.11,30.8,209,81,,,8.32,5.62,5.34,4.39,,,2.12,1.73
1,Pine,0,n,0,1,55,19.7,20,1220,1.01,36.2,359,154,,,10.95,6.94,5.88,5.04,,,2.39,1.94
1,Pine,0,n,0,2,41,14.9,16.1,1727,1.13,34.9,263,105,93.6,11.4,9.22,6.05,5.57,4.65,4.54,2.43,2.22,1.80
1,Pine,0,n,0,0,65,24.8,30.7,435,0.71,32.2,365,151,142.2,8.8,12.52,6,5.90,5.02,4.96,2.17,2.53,1.79
1,Pine,0,n,0,2,91,24.1,33.7,232,0.53,20.6,232.5,96.9,92.5,4.4,5.23,2.12,5.45,4.57,4.53,1.48,1.65,0.75
1,Pine,0,n,0,3,83,20.1,25.6,890,1,38.1,334,156,,,13.36,5.34,5.81,5.05,,,2.59,1.68
1,Pine,0,n,0,1,32,12.2,12.6,1778,0.78,20.4,138,53,,,4.14,2.9,4.93,3.97,,,1.42,1.06
1,Pine,0,n,0,0,34,16,17.4,945,0.57,23.7,159,62,,,9.54,4.29,5.07,4.13,,,2.26,1.46
1,Pine,0,n,0,2,53,16.5,19.2,986,0.88,28.1,236,96.3,88,8.3,10.64,4.16,5.46,4.57,4.48,2.12,2.36,1.43
1,Pine,0,n,0,2,58,18.3,22.1,800,0.81,29,250,107,,,7.5,3.75,5.52,4.67,,,2.01,1.32
1,Pine,0,n,0,0,33,15.7,15.4,1236,0.72,22.6,194,76,,,,2.33,5.27,4.33,,,,0.85
1,Pine,0,n,0,0,52,22.8,23.3,750,0.71,31,327,138,,,,1.96,5.79,4.93,,,,0.67
1,Pine,0,n,0,-1,46,23.1,21.5,1054,0.82,36.9,408,170,,,,2.45,6.01,5.14,,,,0.90
1,Pine,0,n,0,0,50,21.8,21.1,672,0.58,22.8,251,106,,,,3.51,5.53,4.66,,,,1.26
1,Pine,0,n,0,0,32,14.9,14.2,,0.59,23.3,146,57,,,,2.77,4.98,4.04,,,,1.02
1,Pine,0,n,0,4,71,14.7,14.2,1303,0.74,20.5,160,65.6,60.6,4.9,0.61,1.29,5.08,4.18,4.10,1.59,-0.49,0.25
1,Pine,0,n,0,2,32,10.8,10.1,3736,1.23,29.9,178.5,71.9,63.8,8,1.34,2.82,5.18,4.28,4.16,2.08,0.29,1.04
1,Pine,0,n,0,2,39,12.1,13,2370,1.15,31.4,198,79.3,70,9.3,1.1,2.32,5.29,4.37,4.25,2.23,0.10,0.84
1,Pine,0,n,0,-1,41,20.1,20.6,935,0.74,31.2,303,122.8,110.8,12.1,1.76,3.7,5.71,4.81,4.71,2.49,0.57,1.31
1,Pine,0,n,0,1,87,25.5,29,530,0.85,35,425,176.5,167.7,8.8,13.21,6.36,6.05,5.17,5.12,2.17,2.58,1.85
1,Pine,0,n,0,0,58,23.9,24.6,876,0.96,41.5,471,195,183.7,11.3,7.23,4.6,6.15,5.27,5.21,2.42,1.98,1.53
1,Pine,0,n,0,1,24,9.9,9.1,2467,0.7,16.1,90,33,29,4,5.4,3.69,4.50,3.50,3.37,1.39,1.69,1.31
1,Pine,0,n,0,2,29,9.6,9.2,2675,0.84,18,102.8,41.4,36.8,4.6,9.99,5.97,4.63,3.72,3.61,1.53,2.30,1.79
1,Pine,0,n,0,3,23,6.3,6.8,2547,0.57,9.2,37.7,14.9,12.8,2.2,5.01,2.77,3.63,2.70,2.55,0.79,1.61,1.02
1,Pine,0,n,0,1,29,12,12.4,2154,0.97,24.7,167.7,64,57.1,6.9,6.72,5.71,5.12,4.16,4.04,1.93,1.91,1.74
1,Pine,0,n,0,2,38,13.8,15.1,1320,0.88,23.7,182.7,74.3,67.4,6.9,9.1,5.46,5.21,4.31,4.21,1.93,2.21,1.70
1,Pine,0,n,0,0,34,16,15.4,1611,0.78,32.4,217,85,,,6.51,4.12,5.38,4.44,,,1.87,1.42
1,Pine,0,n,0,1,58,22.4,24.4,840,0.95,38.4,403.8,177.6,163,14.6,13.02,6.08,6.00,5.18,5.09,2.68,2.57,1.81
1,Pine,0,n,0,1,16,6.9,6.7,5560,1.11,19.4,80.3,32.1,27.9,4.1,8,6.8,4.39,3.47,3.33,1.41,2.08,1.92
1,Pine,0,n,0,2,28,9.2,8.6,3730,0.97,21.3,111.1,41,35,6,6.66,5.22,4.71,3.71,3.56,1.79,1.90,1.65
1,Pine,0,n,0,0,28,12.9,11.9,2372,0.83,30.2,165,63,,,6.6,4.13,5.11,4.14,,,1.89,1.42
1,Pine,0,n,0,2,33,11.3,10.6,2811,1.03,24,160.8,62,54.3,7.7,6.44,4.19,5.08,4.13,3.99,2.04,1.86,1.43
1,Pine,0,n,0,2,32,11.2,9.9,3039,1.01,23.2,154.7,59,,,7.75,5.27,5.04,4.08,,,2.05,1.66
1,Pine,0,n,0,2,75,22.9,31,683,0.91,41,377.3,153.6,139.7,13.9,7.54,3.39,5.93,5.03,4.94,2.63,2.02,1.22
1,Pine,0,n,0,1,18,8.8,7.5,3085,0.63,13.4,67,24,20.3,3.7,4.69,4.76,4.20,3.18,3.01,1.31,1.55,1.56
1,Pine,0,n,0,1,33,14.3,14.4,1623,0.96,37.3,216,84,,,12.96,9.5,5.38,4.43,,,2.56,2.25
1,Pine,0,n,0,0,30,13.8,15.2,1141,0.73,20.8,161,66.2,61.4,4.8,8.05,4.83,5.08,4.19,4.12,1.57,2.09,1.57
1,Pine,0,n,0,0,20,10.5,11.1,2342,0.83,26.3,120,44,,,13.2,7.44,4.79,3.78,,,2.58,2.01
1,Pine,0,n,0,2,19,7.1,6.9,4364,0.78,14.1,60,21,17.8,3.2,4.2,4.44,4.09,3.04,2.88,1.16,1.44,1.49
1,Pine,0,n,0,3,22,9.8,9.5,2322,0.58,14.5,73,27,,,,2.19,4.29,3.30,,,,0.78
1,Pine,0,n,0,2,11,4.3,4.7,3914,0.42,6.4,14.7,5,,,,3.42,2.69,1.61,,,,1.23
1,Pine,0,n,0,2,25,9.2,10.8,1019,0.45,9.3,51.2,19,,,,2.96,3.94,2.94,,,,1.09
1,Pine,0,n,0,1,46,17.8,19.6,878,0.85,25.3,261.6,106.7,97.2,9.5,20.96,6.55,5.57,4.67,4.58,2.25,3.04,1.88
1,Pine,0,n,0,2,21,7,7.9,3200,0.92,15.8,69.1,27.6,24.2,3.4,11.11,6.28,4.24,3.32,3.19,1.22,2.41,1.84
1,Pine,0,n,0,1,25,10.7,11.4,3268,1.53,34,222.4,90.8,83,7.8,15.64,8.44,5.40,4.51,4.42,2.05,2.75,2.13
1,Pine,0,n,0,0,25,12.3,13.2,2217,1.23,30.1,227,93.1,85.9,7.2,25.77,10.9,5.42,4.53,4.45,1.97,3.25,2.39
1,Pine,0,n,0,3,26,7.5,8.7,1317,0.42,7.8,36.1,14.5,12.7,1.8,0.96,2.02,3.59,2.67,2.54,0.59,-0.04,0.70
1,Pine,0,n,0,0,22,10.9,11.8,1606,0.74,17.6,114,42,,,,6.16,4.74,3.74,,,,1.82
1,Pine,0,n,0,2,22,9.4,9.9,1543,0.52,11.9,61.2,29,,,7.11,3.63,4.11,3.37,,,1.96,1.29
1,Pine,0,n,0,1,30,12.5,12.8,2014,1.03,25.9,189.3,77.5,71.3,6.2,6.39,13.47,5.24,4.35,4.27,1.82,1.85,2.60
1,Pine,0,n,0,1,19,8.2,8.2,1760,0.37,9.4,35.4,13.9,11.7,2.2,0.63,1.34,3.57,2.63,2.46,0.79,-0.46,0.29
1,Pine,0,n,0,2,18,7.2,7.7,4520,0.88,21.2,69,25,,,,2.35,4.23,3.22,,,,0.85
1,Pine,0,n,0,2,39,14.4,13.6,2055,1.09,30,240.4,98.7,91.4,7.3,0.67,1.44,5.48,4.59,4.52,1.99,-0.40,0.36
1,Pine,0,n,0,0,24,12.5,11.2,2860,1.01,28.3,192.7,77.2,67.8,9.4,1.74,3.67,5.26,4.35,4.22,2.24,0.55,1.30
1,Pine,0,n,0,0,18,8.6,8.3,4550,1.11,24.3,115.6,46.3,40.6,5.7,1.45,3.05,4.75,3.84,3.70,1.74,0.37,1.12
1,Pine,0,n,0,2,22,7.3,7.2,,1.05,23.5,84,30,,,,5.63,4.43,3.40,,,,1.73
1,Pine,0,n,0,0,26,12.3,10.3,3363,1.12,29.2,207.1,78,,,12.42,8.49,5.33,4.36,,,2.52,2.14
1,Pine,0,n,0,1,26,11.6,10.7,2831,1.04,26.1,170.9,64,,,10.26,7.87,5.14,4.16,,,2.33,2.06
1,Pine,0,n,0,-1,43,21.8,24.3,769,0.83,35.5,379,156,146.1,9.9,34.06,7.84,5.94,5.05,4.98,2.29,3.53,2.06
1,Pine,0,n,0,1,50,18.6,20.3,833,0.83,27.6,274,115,,,16.44,8.49,5.61,4.74,,,2.80,2.14
1,Pine,0,n,0,1,24,10.7,8.4,4125,0.97,23.5,141,56.2,50.3,5.8,6.6,5.36,4.95,4.03,3.92,1.76,1.89,1.68
1,Pine,0,n,0,0,33,15.1,16.1,1353,0.86,27.6,219,89.2,81.4,7.8,9.12,6.79,5.39,4.49,4.40,2.05,2.21,1.92
1,Pine,0,n,0,3,8,2.6,2.5,3165,0.34,1.7,5.7,2,,,2.22,1.92,1.74,0.69,,,0.80,0.65
1,Pine,0,n,0,1,20,8.8,8.5,2235,0.66,13.5,70.3,25,,,4.9,3.29,4.25,3.22,,,1.59,1.19
1,Pine,0,n,0,1,10,4,4.7,4850,0.47,4.9,13.8,5,,,2.52,1.75,2.62,1.61,,,0.92,0.56
1,Pine,0,n,0,2,48,16.4,17.8,1042,0.83,34.6,220,91,,,6.6,4.62,5.39,4.51,,,1.89,1.53
1,Pine,0,n,0,1,25,10.9,12.2,1329,0.59,15.4,87.6,35.5,32,3.5,10.33,5.24,4.47,3.57,3.47,1.25,2.34,1.66
1,Pine,0,n,0,1,29,12.5,13.2,1707,0.92,23.4,169.4,68.4,61.3,7.2,11.25,6.53,5.13,4.23,4.12,1.97,2.42,1.88
1,Pine,0,n,0,1,21,9.5,9.2,2975,1.11,19.6,133.6,51.9,42.4,9.5,10.21,5.98,4.89,3.95,3.75,2.25,2.32,1.79
1,Pine,0,n,0,1,43,18.9,20.9,1069,0.86,30.9,290.6,102.6,94.5,8.1,17,5.6,5.67,4.63,4.55,2.09,2.83,1.72
1,Pine,0,n,0,-1,32,16.7,17.4,1540,1.01,36.7,314,129.3,120.4,8.9,14.99,8.8,5.75,4.86,4.79,2.19,2.71,2.17
1,Pine,0,n,0,1,15,6.1,7.3,3200,0.83,13.5,49,20.3,17.9,2.4,4.92,4.13,3.89,3.01,2.88,0.88,1.59,1.42
1,Pine,0,n,0,2,17,6.5,7.3,3633,0.89,16,59.6,21,,,4.2,3.54,4.09,3.04,,,1.44,1.26
1,Pine,0,n,0,0,43,20.3,19.3,1167,0.9,34,353,145.6,136,9.6,13.98,7.77,5.87,4.98,4.91,2.26,2.64,2.05
1,Pine,0,n,0,1,21,9.3,8,3233,1.11,21.4,129,47,,,9.03,9.16,4.86,3.85,,,2.20,2.21
1,Pine,0,n,0,-1,43,21,20.3,983,0.83,31.9,360,142.7,122.3,20.3,12.35,6.82,5.89,4.96,4.81,3.01,2.51,1.92
1,Pine,0,n,0,1,74,25.5,27.8,526,0.76,31.6,381,174,,,7.62,4.95,5.94,5.16,,,2.03,1.60
1,Pine,0,n,0,0,37,18.2,17,1289,0.87,30,292,117,,,11.68,7.59,5.68,4.76,,,2.46,2.03
1,Pine,0,n,0,0,24,12.4,11.4,2928,1.15,31.6,215,81,,,12.9,9.25,5.37,4.39,,,2.56,2.22
1,Pine,0,n,0,0,35,17.1,16.4,1528,0.92,32.1,282,115.4,105.9,9.6,8.82,6.03,5.64,4.75,4.66,2.26,2.18,1.80
1,Pine,0,n,0,1,34,14,13.2,2229,1.09,30.6,238,97.1,88.4,8.7,14.22,8.28,5.47,4.58,4.48,2.16,2.65,2.11
1,Pine,0,n,0,1,19,8.6,8.1,4599,1.06,23,109,39,,,8.72,6.76,4.69,3.66,,,2.17,1.91
1,Pine,0,n,0,0,26,12.9,11.4,2600,1.03,26.8,205.4,77,,,12.3,8.61,5.32,4.34,,,2.51,2.15
1,Pine,0,n,0,1,56,20.3,19.7,1117,0.93,34,346,142.5,132.9,9.6,14.34,7.96,5.85,4.96,4.89,2.26,2.66,2.07
1,Pine,0,n,0,0,60,24.4,22.8,822,0.82,33.5,412,170.2,159.4,10.8,7.87,4.85,6.02,5.14,5.07,2.38,2.06,1.58
1,Pine,0,n,0,0,23,11.6,10.3,3675,1.22,31.4,206.5,80,,,12.96,11.23,5.33,4.38,,,2.56,2.42
1,Pine,0,n,0,-1,44,23.2,22.1,1170,0.98,44.4,489,200,185.3,14.7,16.43,9.78,6.19,5.30,5.22,2.69,2.80,2.28
1,Pine,0,n,0,1,35,14.8,13.9,2508,1.25,38,297,121,110.2,10.8,12.45,9.02,5.69,4.80,4.70,2.38,2.52,2.20
1,Pine,0,n,0,0,24,12.4,12.3,2105,0.92,24.9,173,65,,,10.38,7.79,5.15,4.17,,,2.34,2.05
1,Pine,0,n,0,1,27,11.3,10.4,2625,1,22.3,157,59,,,10.99,8.32,5.06,4.08,,,2.40,2.12
1,Pine,0,n,0,-1,35,18.1,16.3,1677,0.98,35.1,344,136,,,6.88,7.22,5.84,4.91,,,1.93,1.98
1,Pine,0,n,0,1,17,7.1,8.2,3213,0.87,17.3,66,23,,,7.92,7.06,4.19,3.14,,,2.07,1.95
1,Pine,0,n,0,0,43,19.1,16.2,1870,1.12,38.8,400,165,,,12,7.6,5.99,5.11,,,2.48,2.03
1,Pine,0,n,0,1,21,8.9,7.3,6210,1.32,26.3,143,52,,,5.72,5.43,4.96,3.95,,,1.74,1.69
1,Pine,0,n,0,3,11,3.1,3.4,4950,0.59,5,13,4,,,2.34,4.16,2.56,1.39,,,0.85,1.43
1,Pine,0,n,0,3,43,12.7,12.3,2021,0.98,24.1,178,73,67.4,5.6,14.41,8.25,5.18,4.29,4.21,1.72,2.67,2.11
1,Pine,0,n,0,1,72,27.1,32.3,565,0.82,35.7,445,201,,,13.35,4.9,6.10,5.30,,,2.59,1.59
1,Pine,0,n,0,0,32,16.4,15.6,2696,1.08,39,309.5,122,,,18.6,10.23,5.73,4.80,,,2.92,2.33
1,Pine,0,n,0,-2,35,20.5,23.8,1414,0.9,41,379,151,,,15.16,8.72,5.94,5.02,,,2.72,2.17
1,Pine,0,n,0,-2,31,18.4,17.2,1959,1.18,45.9,437,170,,,13.11,8.3,6.08,5.14,,,2.57,2.12
1,Pine,0,n,0,-1,21,11.9,10.7,3093,1.03,28.7,190,79,,,11.4,9.12,5.25,4.37,,,2.43,2.21
1,Pine,0,n,0,0,41,18.1,20.1,1008,0.81,30.1,268,109,100.8,8.2,11.5,6.09,5.59,4.69,4.61,2.10,2.44,1.81
1,Pine,0,n,0,2,13,5,6.2,3322,0.73,10.1,32.2,12.6,10.3,2.2,6.69,7.36,3.47,2.53,2.33,0.79,1.90,2.00
1,Pine,0,n,0,2,10,3.5,4.1,4052,0.64,5.4,16,6.4,5.4,0.9,3.63,4.27,2.77,1.86,1.69,-0.11,1.29,1.45
1,Pine,0,n,0,0,27,13.6,15.3,1531,0.93,28.2,202,82.3,74.7,7.6,7.56,7.38,5.31,4.41,4.31,2.03,2.02,2.00
1,Pine,0,n,0,0,18,8.9,10,2286,0.77,17.8,84.6,33.8,29.4,4.4,10.79,6.59,4.44,3.52,3.38,1.48,2.38,1.89
1,Pine,0,n,0,1,15,6.3,7.4,3182,0.83,13.8,51.9,20.3,16.8,3.5,7.23,6.14,3.95,3.01,2.82,1.25,1.98,1.81
1,Pine,0,n,0,-1,31,15.9,16.2,1518,0.9,31.3,262.6,107.7,99.5,8.2,9.31,5.94,5.57,4.68,4.60,2.10,2.23,1.78
1,Pine,0,n,0,0,83,29.1,35.3,523,0.81,40.4,507,234,,,10.14,4.06,6.23,5.46,,,2.32,1.40
1,Pine,0,n,0,0,30,15.2,14.5,2453,1.17,40.4,300.3,116.5,103.5,13,10.51,7.88,5.70,4.76,4.64,2.56,2.35,2.06
1,Pine,0,n,0,0,28,14.2,14.2,2213,1.09,35.2,251.4,93.5,83,10.6,9.05,5.96,5.53,4.54,4.42,2.36,2.20,1.79
1,Pine,0,n,0,0,26,13.7,12,3217,1.12,36.4,246,99.2,88.4,10.8,8.83,6.46,5.51,4.60,4.48,2.38,2.18,1.87
1,Pine,0,n,0,0,40,19.3,15.8,1670,0.84,32.7,304,124,113.7,10.2,4.17,3.55,5.72,4.82,4.73,2.32,1.43,1.27
1,Pine,0,n,0,1,18,8.4,11.7,2690,1.23,29.9,122,40.2,35.5,4.7,7.55,6.2,4.80,3.69,3.57,1.55,2.02,1.82
1,Pine,0,n,0,1,28,12.1,12.9,2380,1.08,31.2,189,72,64.9,7.1,5.87,4.32,5.24,4.28,4.17,1.96,1.77,1.46
1,Pine,0,n,0,0,32,15.4,14.4,1120,0.63,25.4,164,64,,,8.2,3.28,5.10,4.16,,,2.10,1.19
1,Pine,0,n,0,0,35,16.1,17.4,1132,0.88,36.3,245,97,,,17.15,6.62,5.50,4.57,,,2.84,1.89
1,Pine,0,n,0,-2,17,10.6,10.6,3750,0.94,28.8,160,57,,,11.2,7.68,5.08,4.04,,,2.42,2.04
1,Pine,0,n,0,-2,22,13.1,15.7,2674,0.7,26,152,56,,,10.64,7.9,5.02,4.03,,,2.36,2.07
1,Pine,0,n,0,2,10,3.6,4.2,4200,0.77,6.3,20,7,,,4.8,3.44,3.00,1.95,,,1.57,1.24
1,Pine,0,n,0,1,18,8.1,7.6,3970,0.83,17.8,77.6,28,,,8.58,5.85,4.35,3.33,,,2.15,1.77
1,Pine,0,n,0,1,38,15.2,15.5,1592,0.85,29.9,210,83,,,10.5,5.46,5.35,4.42,,,2.35,1.70
1,Pine,0,n,0,-2,55,26.2,25.5,804,0.86,41,504.1,216,,,15.3,6.12,6.22,5.38,,,2.73,1.81
1,Oak,5,n,0,2,140,28.8,43.6,,0.89,36.8,480,,,,66.72,4.32,6.17,,,,4.20,1.46
1,Oak,5,n,0,2,250,31,94,,0.72,31,432,228,190.8,37.2,69.12,3.46,6.07,5.43,5.25,3.62,4.24,1.24
1,Oak,5,n,0,1,80,25,34,,0.62,23.6,271,183,161.3,21.7,56.91,2.71,5.60,5.21,5.08,3.08,4.04,1.00
1,Oak,5,n,0,0,59,22.1,,1723,1.04,36.7,378,235.6,196.1,39.5,65.9,6.84,5.93,5.46,5.28,3.68,4.19,1.92
1,Oak,5,n,0,3,80,20,28,320,0.91,30.1,229.5,126.6,,,19.9,2.8,5.44,4.84,,,2.99,1.03
1,Oak,5,n,0,1,60,20,27,268,0.83,27.5,193.3,107.6,,,21.55,2.62,5.26,4.68,,,3.07,0.96
1,Oak,5,n,0,2,80,23,30,380,1,36.2,292,163.7,,,24.9,2.9,5.68,5.10,,,3.21,1.06
1,Aspen,4,n,0,0,29,19.3,17.7,1407,1.27,32.7,370,156.7,137.4,19.3,27.2,3.7,5.91,5.05,4.92,2.96,3.30,1.31
1,Aspen,4,n,0,0,17,12.2,8.1,4644,1.05,23.7,152,61.3,52,9.3,13.8,3.5,5.02,4.12,3.95,2.23,2.62,1.25
1,Aspen,4,n,0,0,26,16.6,14.9,1189,0.73,20.7,169,67.2,56.6,10.6,16.5,3.4,5.13,4.21,4.04,2.36,2.80,1.22
1,Aspen,4,n,0,0,52,24.5,25.8,670,1.08,35,450,188.2,165.9,22.3,33.5,5.3,6.11,5.24,5.11,3.10,3.51,1.67
1,Aspen,4,n,0,0,40,21,18.6,957,0.82,25.9,272,120.4,105.9,14.5,21.8,3.7,5.61,4.79,4.66,2.67,3.08,1.31
1,Aspen,4,n,0,1,34,17.5,15.7,1538,1.08,29.7,262,109,92.8,16.2,32.4,4.9,5.57,4.69,4.53,2.79,3.48,1.59
1,Aspen,4,n,0,0,33,20.7,17.9,1183,1.03,29.9,333,139.3,122.6,16.7,23.7,4.3,5.81,4.94,4.81,2.82,3.17,1.46
1,Aspen,4,n,0,0,27,17.6,14,3167,1.66,48.9,419,193.9,169.6,24.3,38,4.8,6.04,5.27,5.13,3.19,3.64,1.57
1,Aspen,4,n,0,-1,22,15.7,11,2076,0.76,19.9,161,68.3,58,10.3,11.5,2.7,5.08,4.22,4.06,2.33,2.44,0.99
1,Aspen,4,n,0,-2,15,13.8,8.6,2400,0.61,14.4,107,15.1,12.9,2.2,2.8,2.1,4.67,2.71,2.56,0.79,1.03,0.74
1,Aspen,4,n,0,-1,14,12.9,8.3,3845,0.93,21,146,87.6,74.4,13.2,18,4.3,4.98,4.47,4.31,2.58,2.89,1.46
1,Aspen,4,n,0,-2,42,25.7,26.4,730,1.06,39.8,475,245.4,216.7,28.7,50.6,5.5,6.16,5.50,5.38,3.36,3.92,1.70
1,Aspen,4,n,0,1,14,9.7,6.2,6570,1,19.4,100,65,53.9,11.1,15,4.2,4.61,4.17,3.99,2.41,2.71,1.44
1,Aspen,4,n,0,0,51,25.1,24.8,779,0.96,37.6,416,166.8,145.4,21.4,36.1,4.9,6.03,5.12,4.98,3.06,3.59,1.59
1,Aspen,4,n,0,0,10,7.5,4.6,10133,1.21,17,83,37.4,30.3,7.1,8,2.2,4.42,3.62,3.41,1.96,2.08,0.79
1,Aspen,4,n,0,-1,44,25.3,26.4,737,1.03,40.4,448.8,189.4,166.2,23.2,39.5,5.53,6.11,5.24,5.11,3.14,3.68,1.71
1,Aspen,4,n,0,-1,18,13,7.4,4492,0.9,19.2,144,61.1,53.1,8,8.3,2.8,4.97,4.11,3.97,2.08,2.12,1.03
1,Aspen,4,n,0,-2,16,14.5,10.5,2936,1.01,25.4,190,83.4,72.7,10.7,15.1,3.7,5.25,4.42,4.29,2.37,2.71,1.31
1,Aspen,4,n,0,-1,19,15.4,9.3,2343,0.61,16,125,50.1,43.7,6.4,7.1,2.6,4.83,3.91,3.78,1.86,1.96,0.96
1,Aspen,4,n,0,-1,21,15.5,10.8,2740,0.98,25,204,81.6,71.2,10.4,13.5,3.3,5.32,4.40,4.27,2.34,2.60,1.19
1,Aspen,4,n,0,-1,13,9.7,5.6,6475,0.86,15.9,87,37.4,31.1,6.3,7.3,3,4.47,3.62,3.44,1.84,1.99,1.10
1,Aspen,4,n,0,0,41,22.1,19.3,920,0.82,27,292,125.8,108.5,17.3,20.4,3.4,5.68,4.83,4.69,2.85,3.02,1.22
1,Aspen,4,n,0,-1,18,13.1,10.2,2108,0.69,17.4,111,48.5,41.5,7,14.3,3.5,4.71,3.88,3.73,1.95,2.66,1.25
1,Aspen,4,n,0,-1,41,26,28,680,1.15,41.8,523,229.9,203.8,26.1,50.2,5.7,6.26,5.44,5.32,3.26,3.92,1.74
1,Aspen,4,n,0,1,34,18.3,19.3,1079,1.08,31.6,279,118.2,99.9,18.3,34.2,4.9,5.63,4.77,4.60,2.91,3.53,1.59
1,Aspen,4,n,0,1,13,8,4.5,9593,1.04,15.2,78,31.4,25.7,5.7,6.2,2.6,4.36,3.45,3.25,1.74,1.82,0.96
1,Aspen,4,n,0,0,35,20.7,18.2,1206,1.2,31.4,387,160.2,140.5,19.7,25.1,4.3,5.96,5.08,4.95,2.98,3.22,1.46
1,Aspen,4,n,0,1,6,2.7,1.8,31600,1.66,7.9,24,9.6,7.4,2.2,3.3,1.8,3.18,2.26,2.00,0.79,1.19,0.59
1,Aspen,4,n,0,-1,10,7.9,3.9,22842,1.71,27.6,127,54.9,43.6,11.3,5.9,3.5,4.84,4.01,3.78,2.42,1.77,1.25
1,Aspen,4,n,0,0,12,7.2,3.9,22333,1.87,27.2,120,52.7,41.1,11.6,6.9,3.6,4.79,3.96,3.72,2.45,1.93,1.28
1,Aspen,4,n,0,0,12,7.7,4.5,12850,1.3,20.6,93,41.5,32,9.5,10.3,3.3,4.53,3.73,3.47,2.25,2.33,1.19
1,Aspen,4,n,0,-1,16,12.8,10.1,2343,0.75,19,116,47.1,39.2,7.9,13.4,3.2,4.75,3.85,3.67,2.07,2.60,1.16
1,Alder,3,n,0,1,40,18.6,16.6,1707,1.3,36.8,329.9,140.5,122,18.5,12.77,4.45,5.80,4.95,4.80,2.92,2.55,1.49
1,Alder,3,n,0,2,58,21,19.1,856,0.8,24.5,271.2,124.8,109.2,15.6,7.73,2.08,5.60,4.83,4.69,2.75,2.05,0.73
1,Alder,3,n,0,3,23,10,9.9,2020,1.1,15.5,92.4,41,34,7,6.56,3.31,4.53,3.71,3.53,1.95,1.88,1.20
1,Alder,3,n,0,2,34,15.7,12.3,2140,1.1,25.3,241.9,93.5,79.4,14.1,5.79,1.61,5.49,4.54,4.37,2.65,1.76,0.48
1,Alder,3,n,0,1,36,19.1,19,1520,1.6,43,438.3,188.3,157.2,31.1,19.39,3.99,6.08,5.24,5.06,3.44,2.96,1.38
1,Alder,3,n,0,0,36,19.8,16.4,1927,1.4,40.9,388.1,173.9,147.8,26.2,15.59,4.57,5.96,5.16,5.00,3.27,2.75,1.52
1,Alder,3,n,0,2,33,15.1,15.1,1760,1.5,31.5,255.1,103.3,81.3,22,7.88,2.52,5.54,4.64,4.40,3.09,2.06,0.92
1,Alder,3,n,0,1,26,14.6,12.5,1210,0.7,15,107.9,42.6,36.9,5.7,5.08,2.28,4.68,3.75,3.61,1.74,1.63,0.82
1,Alder,3,n,0,2,48,19.4,23.5,968,1.4,41.8,428.8,199,169.6,29.4,27.57,5.13,6.06,5.29,5.13,3.38,3.32,1.64
1,Alder,3,n,0,0,25,16.9,12.4,3350,1.7,40.2,348.8,136.8,114,22.8,12.09,3.98,5.85,4.92,4.74,3.13,2.49,1.38
1,Alder,3,n,0,1,34,16.2,12.5,2780,1.5,33.9,277,123.5,103.1,20.4,12.57,4.51,5.62,4.82,4.64,3.02,2.53,1.51
1,Alder,3,n,0,2,55,20.4,20.5,828,0.9,27.4,294.6,134.1,115.6,18.5,10,1.94,5.69,4.90,4.75,2.92,2.30,0.66
1,Alder,3,n,0,2,41,17.4,16.3,1112,0.9,23.3,190.4,81.7,68.4,13.3,7.39,1.91,5.25,4.40,4.23,2.59,2.00,0.65
1,Alder,3,n,0,3,56,18.2,17.5,896,0.8,21.6,195.6,93,81.1,11.9,6.97,1.68,5.28,4.53,4.40,2.48,1.94,0.52
1,Alder,3,n,0,1,32,13.1,11,1940,1,18.4,141.7,63.2,53.1,10.1,10.01,3.56,4.95,4.15,3.97,2.31,2.30,1.27
1,Alder,3,n,0,1,26,14.5,10,3540,1.3,28,228.8,98.8,84.4,14.4,7.87,3.61,5.43,4.59,4.44,2.67,2.06,1.28
1,Alder,3,n,0,2,56,21.9,20.2,820,0.8,26.2,280.7,119.9,102.6,17.3,8.18,2.04,5.64,4.79,4.63,2.85,2.10,0.71
1,Alder,3,n,0,1,49,22.7,21,884,0.9,30.5,320.6,149.1,125.1,24,3.73,0.85,5.77,5.00,4.83,3.18,1.32,-0.16
1,Alder,3,n,0,1,39,18.5,17.9,1068,1,27,236.6,116.6,101,15.6,7.13,2.14,5.47,4.76,4.62,2.75,1.96,0.76
1,Alder,3,n,0,2,51,20.8,20.1,1124,1.2,35.7,331.8,151.7,131.3,20.4,7.12,1.8,5.80,5.02,4.88,3.02,1.96,0.59
1,Alder,3,n,0,1,28,15.9,12,3320,1.6,37.4,319.8,138.5,117,21.6,6.26,3.09,5.77,4.93,4.76,3.07,1.83,1.13
1,Alder,3,n,0,1,27,16.4,12.1,3230,1.6,37.2,316.6,148.6,133.3,15.3,5.3,2.48,5.76,5.00,4.89,2.73,1.67,0.91
1,Alder,3,n,0,0,20,13.1,8.9,3270,1.1,20.2,124.5,47.5,39.8,7.7,5.86,2.98,4.82,3.86,3.68,2.04,1.77,1.09
1,Alder,3,n,0,2,44,17.6,16.8,1048,0.9,23.4,190.2,89,76.4,12.6,5.38,1.47,5.25,4.49,4.34,2.53,1.68,0.39
1,Alder,3,n,0,2,31,14.6,12.5,3270,1.9,40.1,307.8,131.7,109.2,22.5,7.84,3.36,5.73,4.88,4.69,3.11,2.06,1.21
1,Alder,3,n,0,-1,11,6.4,3.1,33900,2,25.6,118.8,38,30.2,7.8,6.74,7.58,4.78,3.64,3.41,2.05,1.91,2.03
1,Alder,3,n,0,3,13,5.2,3.2,9200,1.1,7.4,27.8,11,8.7,2.3,1.9,1.8,3.33,2.40,2.16,0.83,0.64,0.59
1,Alder,3,n,0,3,29,12.3,8.5,2625,0.9,15.6,113.4,34.2,29.6,4.6,2,0.8,4.73,3.53,3.39,1.53,0.69,-0.22
1,Alder,3,n,0,3,51,17.3,16.3,1350,1.2,28.4,265.7,80,70.4,9.6,8.2,2.2,5.58,4.38,4.25,2.26,2.10,0.79
1,Alder,3,n,0,2,26,11.7,9.6,2475,1.1,17.8,112.4,46.3,39.3,7,6.5,2.4,4.72,3.84,3.67,1.95,1.87,0.88
1,Alder,3,a,1,2,33,16,12.4,1700,0.9,20.6,173.9,79.3,68.2,11.1,5.8,2,5.16,4.37,4.22,2.41,1.76,0.69
1,Birch,2,n,0,-1,29,17.1,15.1,947,0.8,17.2,138,71.6,59.9,11.7,9.8,2.2,4.93,4.27,4.09,2.46,2.28,0.79
1,Birch,2,n,0,0,20,10.7,7.7,2950,0.97,13.6,77,41,31.1,9.9,11.1,2.2,4.34,3.71,3.44,2.29,2.41,0.79
1,Birch,2,n,0,-1,12,7.3,3.4,8180,0.93,8.4,39,21.5,17.8,3.7,7.3,1.2,3.66,3.07,2.88,1.31,1.99,0.18
1,Birch,2,n,0,-2,23,15,13.2,1390,0.95,19.1,133,69.8,57.6,12.2,12.7,2.1,4.89,4.25,4.05,2.50,2.54,0.74
1,Birch,2,n,0,-1,23,13.4,8.9,1767,0.76,11.3,88,48.8,40.7,8.1,8.9,1.4,4.48,3.89,3.71,2.09,2.19,0.34
1,Birch,2,n,0,-1,35,19.4,18.7,836,0.95,22.9,202,111.3,93.2,18.1,10.8,2,5.31,4.71,4.53,2.90,2.38,0.69
1,Birch,2,n,0,-3,23,18.4,16.4,1205,1.1,25.8,214,107.4,92.4,15,17.7,2.6,5.37,4.68,4.53,2.71,2.87,0.96
1,Birch,2,n,0,-2,11,7,4.1,5383,0.79,7.3,31,16.7,11.8,4.9,4.2,0.6,3.43,2.82,2.47,1.59,1.44,-0.51
1,Birch,2,a,1,-1,34,19.4,15.8,1260,0.84,24.7,179,97.4,82,15.4,10.6,3.5,5.19,4.58,4.41,2.73,2.36,1.25
1,Birch,2,a,1,0,21,9.9,6.6,6760,1.79,23.3,125,64.9,49.3,15.6,7.8,3.9,4.83,4.17,3.90,2.75,2.05,1.36
1,Birch,2,a,1,-3,31,19.6,14.4,1340,0.95,21.9,205,113.8,91.7,22.1,15.4,3.8,5.32,4.73,4.52,3.10,2.73,1.34
1,Birch,2,a,1,0,21,10.1,7,5980,1.9,23.9,137,75.7,60.5,15.2,7.5,4.1,4.92,4.33,4.10,2.72,2.01,1.41
1,Birch,2,a,1,-1,60,26.5,27.3,525,0.96,30.7,341,175.6,137.2,38.4,22.4,5.2,5.83,5.17,4.92,3.65,3.11,1.65
1,Birch,2,a,1,-3,14,9.7,6.4,3500,0.95,11.3,64,33.3,26.5,6.8,3.7,2.3,4.16,3.51,3.28,1.92,1.31,0.83
1,Birch,2,a,1,-3,8,7.1,3.7,11300,1.43,12.1,57,30.8,19.8,11,5.2,3.8,4.04,3.43,2.99,2.40,1.65,1.34
1,Pine,0,n,0,0,45,22.3,22.4,1590,1.32,36.3,353,198.3,179.5,18.8,16.3,4.8,5.87,5.29,5.19,2.93,2.79,1.57
1,Pine,0,n,0,0,23,12.5,9.9,2260,1.38,20.2,142,63.8,52.9,10.9,7.1,4.8,4.96,4.16,3.97,2.39,1.96,1.57
1,Birch,2,n,0,0,18,9,5.2,7500,1.13,13.3,67,35,28.4,6.6,3.6,2.8,4.20,3.56,3.35,1.89,1.28,1.03
1,Pine,0,n,0,0,13,4.2,2.4,5440,0.74,6.4,23,14,11,3,5.2,3.9,3.14,2.64,2.40,1.10,1.65,1.36
1,Pine,0,n,0,-1,34,18.2,14.1,1530,0.52,25.7,186,97,81.2,15.8,7,3.2,5.23,4.57,4.40,2.76,1.95,1.16
1,Birch,2,n,0,3,29,8.7,7.9,2402,1.15,11.9,73,36.9,27.4,9.5,4.4,2.7,4.29,3.61,3.31,2.25,1.48,0.99
1,Birch,2,n,0,1,22,9.2,7.1,2746,0.76,10.6,51,24.7,19.3,5.4,6.2,3.5,3.93,3.21,2.96,1.69,1.82,1.25
1,Birch,2,n,0,1,19,8.4,6.6,1714,0.5,5.9,29,15,12.1,2.9,2.6,1.6,3.37,2.71,2.49,1.06,0.96,0.47
1,Birch,2,n,0,-1,57,24.8,26,637,0.84,33.8,268,159.8,142.2,17.6,6.8,1.5,5.59,5.07,4.96,2.87,1.92,0.41
1,Birch,2,n,0,-1,24,14.4,11.7,2200,0.91,19.5,118,77.4,70.9,6.5,4.9,2.1,4.77,4.35,4.26,1.87,1.59,0.74
1,Birch,2,a,1,0,57,23.6,26.5,580,0.94,27.3,275,129.7,109.6,20.1,10,4.3,5.62,4.87,4.70,3.00,2.30,1.46
1,Birch,2,,,-1,44,22.5,25.3,633,1.36,31.8,371,173.4,159.3,14.1,5.1,1.5,5.92,5.16,5.07,2.65,1.63,0.41
1,Birch,2,n,0,0,59,25.6,30.7,464,0.8,27.8,269,159.2,152.3,6.9,4.6,0.9,5.59,5.07,5.03,1.93,1.53,-0.11
1,Birch,2,n,0,2,21,13.4,12.7,2060,1.62,28,199,100.7,84.6,16.1,14.4,4.7,5.29,4.61,4.44,2.78,2.67,1.55
1,Birch,2,a,1,1,66,21.1,25.6,570,0.78,21,192,103.3,95.1,8.2,22.1,2.8,5.26,4.64,4.55,2.10,3.10,1.03
1,Birch,2,a,1,1,45,20.8,16.7,1016,0.85,21.1,205.4,114.7,94,20.7,11.7,3.8,5.32,4.74,4.54,3.03,2.46,1.34
1,Birch,2,a,1,1,45,21.2,19,733,0.67,19.4,167,100.1,80.7,19.4,13.3,4.5,5.12,4.61,4.39,2.97,2.59,1.50
1,Birch,2,n,0,0,45,21.5,19.4,576,0.47,12.9,120,90.5,73.3,17.2,13.3,3.5,4.79,4.51,4.29,2.84,2.59,1.25
1,Birch,2,n,0,1,22,12.9,7,3617,0.87,13,100,44.1,33.8,10.3,4.5,3.7,4.61,3.79,3.52,2.33,1.50,1.31
1,Birch,2,n,0,-3,15,11.3,5.8,4713,0.76,12.3,72,41.9,32.7,9.2,41.5,16.1,4.28,3.74,3.49,2.22,3.73,2.78
1,Birch,2,n,0,0,59,24.7,24.3,578,0.83,26.9,263,152.1,117.4,34.7,18.7,3,5.57,5.02,4.77,3.55,2.93,1.10
1,Pine,0,a,1,1,15,6.5,6.3,,0.83,16.7,54.1,17.3,15.4,1.9,4.3,3.21,3.99,2.85,2.73,0.64,1.46,1.17
1,Pine,0,a,1,1,28,12.5,9.9,,1.23,39.9,226.7,83.4,75.7,7.6,12.59,5.1,5.42,4.42,4.33,2.03,2.53,1.63
1,Pine,0,a,1,0,42,18.7,19.7,,0.96,38.1,332.5,141.7,130.7,11,15.78,4.47,5.81,4.95,4.87,2.40,2.76,1.50
1,Pine,0,a,1,0,53,21.4,22.1,,0.8,34.2,337.8,159.9,148.8,11.2,15.82,4.68,5.82,5.07,5.00,2.42,2.76,1.54
1,Pine,0,a,1,0,72,26.1,29.9,,0.95,44.5,521.1,296.3,279.6,16.7,17.03,4.21,6.26,5.69,5.63,2.82,2.83,1.44
1,Pine,0,n,0,1,140,31.5,48.2,212,0.69,35.5,449,212.1,,,22.5,3.49,6.11,5.36,,,3.11,1.25
1,Pine,0,n,0,0,200,38.3,54.4,223,0.85,48,735,310.7,,,27.3,7.77,6.60,5.74,,,3.31,2.05
1,Pine,0,n,0,1,130,24.7,31.8,362,0.7,34,339,133.7,,,12.2,3.15,5.83,4.90,,,2.50,1.15
1,Pine,0,n,0,1,169,30.8,38.6,276,0.72,36.7,455,211,,,19.2,11.9,6.12,5.35,,,2.95,2.48
1,Pine,0,n,0,4,66,13.5,17.7,1070,0.96,31.3,185,88.8,79.2,9.6,12.95,10.09,5.22,4.49,4.37,2.26,2.56,2.31
1,Pine,0,n,0,3,96,20.1,23.2,830,0.99,35.6,330,143.9,139.3,4.6,20.87,10.86,5.80,4.97,4.94,1.53,3.04,2.39
1,Pine,0,n,0,3,71,18.2,20.6,1010,0.99,35,290,118.9,110.2,8.7,9.94,5.69,5.67,4.78,4.70,2.16,2.30,1.74
1,Pine,0,n,0,2,43,13.8,14.9,1380,0.82,31.1,170,64.2,58,6.2,11.77,7.02,5.14,4.16,4.06,1.82,2.47,1.95
1,Pine,0,n,0,2,51,16.3,15.2,1790,0.97,40.4,255,120.3,113.1,7.2,12.62,6.6,5.54,4.79,4.73,1.97,2.54,1.89
1,Pine,0,n,0,1,47,16.1,18.4,1070,0.84,34.8,225,96.8,88.3,8.5,11.58,4.5,5.42,4.57,4.48,2.14,2.45,1.50
1,Pine,0,n,0,1,47,16.6,18.3,630,0.49,20.6,137,44.6,41.3,3.3,12.33,5.3,4.92,3.80,3.72,1.19,2.51,1.67
1,Pine,0,n,0,1,45,15.7,14.9,1840,0.96,39.3,248,108,102,6,14,6.85,5.51,4.68,4.62,1.79,2.64,1.92
1,Pine,0,n,0,0,13,6.8,5.8,5950,0.88,18.9,62,20.5,17.3,3.2,6.43,4.72,4.13,3.02,2.85,1.16,1.86,1.55
1,Pine,0,n,0,1,51,18.6,16.9,1710,1.03,45.7,340,136.1,125.5,10.6,10.55,6.93,5.83,4.91,4.83,2.36,2.36,1.94
1,Pine,0,n,0,1,54,19,18.9,1040,0.78,34.9,265,150.2,142,8.2,13.78,6.55,5.58,5.01,4.96,2.10,2.62,1.88
1,Pine,0,n,0,1,55,19.9,21.8,860,0.83,37.7,300,100.8,93.3,7.5,19.48,6.84,5.70,4.61,4.54,2.01,2.97,1.92
1,Pine,0,n,0,1,52,19.8,21,900,0.81,36.6,290,113.8,108.6,5.2,10.07,6.58,5.67,4.73,4.69,1.65,2.31,1.88
1,Pine,0,n,0,1,52,18.6,19.8,1110,0.91,40.3,300,114.1,102.1,12,11.75,6.42,5.70,4.74,4.63,2.48,2.46,1.86
1,Pine,0,n,0,1,42,15.3,17.1,1006,0.71,28.6,176,88.9,83,5.9,12.18,5.56,5.17,4.49,4.42,1.77,2.50,1.72
1,Pine,0,n,0,2,60,18.4,19.6,1150,0.98,43.1,305,192.2,179.8,12.4,18.95,9.83,5.72,5.26,5.19,2.52,2.94,2.29
1,Pine,0,n,0,1,50,17.5,17,1730,1.11,47.8,335,171.9,155.8,16.1,13.18,7.81,5.81,5.15,5.05,2.78,2.58,2.06
1,Pine,0,n,0,1,36,13.4,13,1906,0.84,31.3,171,90.2,85.1,5.1,13.22,5.82,5.14,4.50,4.44,1.63,2.58,1.76
1,Pine,0,n,0,0,27,13,11.4,2783,1.09,40,220,84.4,78.7,5.7,11.8,5.64,5.39,4.44,4.37,1.74,2.47,1.73
1,Pine,0,n,0,-1,40,21.1,20,1560,1.11,51.1,485,272,248.8,23.2,17.82,9,6.18,5.61,5.52,3.14,2.88,2.20
1,Pine,0,n,0,2,50,15,16.5,1640,1.11,44.3,260,135.9,124.1,11.8,12.54,8.32,5.56,4.91,4.82,2.47,2.53,2.12
1,Pine,0,n,0,2,79,22,22.8,780,0.81,38,320,131.2,121.7,9.5,11.62,5.22,5.77,4.88,4.80,2.25,2.45,1.65
1,Pine,0,n,0,2,71,19.4,20.3,970,0.85,38.3,285,120.3,113,7.3,11.11,6.79,5.65,4.79,4.73,1.99,2.41,1.92
1,Pine,0,n,0,2,53,16.2,17.8,1220,0.94,38.8,244,122.5,113.6,8.9,11.92,3.85,5.50,4.81,4.73,2.19,2.48,1.35
1,Pine,0,n,0,2,75,20.1,21.4,1030,1.02,46.1,355,160.6,147.6,13,10.33,4.63,5.87,5.08,4.99,2.56,2.34,1.53
1,Pine,0,n,0,2,60,18.4,21,830,0.82,35.9,254,122.6,114.9,7.7,8.65,4.25,5.54,4.81,4.74,2.04,2.16,1.45
1,Pine,0,n,0,3,64,17.3,19.1,980,0.86,30.1,236,114.9,107.5,7.4,10.13,5.53,5.46,4.74,4.68,2.00,2.32,1.71
1,Pine,0,n,0,1,44,16.6,14.2,1880,0.7,29.6,197,93.7,85.4,8.3,11.38,5.14,5.28,4.54,4.45,2.12,2.43,1.64
1,Pine,0,n,0,2,49,15.8,17.3,1410,1.05,43.1,265,100.5,91.2,9.3,16.84,8.34,5.58,4.61,4.51,2.23,2.82,2.12
1,Pine,0,n,0,2,43,14.6,13.8,1600,0.78,30.9,177,72.3,64.9,7.4,9.41,3.87,5.18,4.28,4.17,2.00,2.24,1.35
1,Pine,0,n,0,2,82,21,23.9,830,1,46.1,370,172.8,161,11.8,19.6,7.66,5.91,5.15,5.08,2.47,2.98,2.04
1,Pine,0,n,0,3,64,16.6,16.3,1690,1.11,38.7,290,140.5,128.2,12.3,9.82,7.69,5.67,4.95,4.85,2.51,2.28,2.04
1,Pine,0,n,0,2,43,14.1,14.4,1520,0.82,31.8,177,75.5,68.3,7.2,15.03,5.94,5.18,4.32,4.22,1.97,2.71,1.78
1,Pine,0,n,0,3,89,21.4,23.2,810,0.94,34.2,340,163.1,154.7,8.4,11.6,4.58,5.83,5.09,5.04,2.13,2.45,1.52
1,Pine,0,n,0,2,49,16.2,18.4,1360,1.03,43,270,120.8,110.9,9.9,13.49,7.49,5.60,4.79,4.71,2.29,2.60,2.01
1,Pine,0,n,0,2,85,22.5,23.3,860,0.95,44.8,385,141.7,132.2,9.5,10.82,5.41,5.95,4.95,4.88,2.25,2.38,1.69
1,Pine,0,n,0,0,44,19.5,17.9,1510,0.94,42.3,347,132.2,122.6,9.6,12.5,6.62,5.85,4.88,4.81,2.26,2.53,1.89
1,Pine,0,n,0,1,15,6.1,6.2,6000,1.14,21.7,67,23.9,21,3,7.88,5.77,4.20,3.17,3.04,1.10,2.06,1.75
1,Pine,0,n,0,5,35,5.5,6.1,6070,1.48,24.9,86,27.9,23.5,4.4,10.4,4.3,4.45,3.33,3.16,1.48,2.34,1.46
1,Pine,0,n,0,2,43,14.2,12.3,2049,0.71,27.5,154,78.5,72,6.6,11.3,4.86,5.04,4.36,4.28,1.89,2.42,1.58
1,Pine,0,n,0,1,51,18.6,16.9,1710,1.03,45.7,340,136.1,125.5,10.6,10.5,6.93,5.83,4.91,4.83,2.36,2.35,1.94
1,Pine,0,n,0,1,48,17.5,17.5,1270,0.9,38.5,270,119.1,109.7,9.4,10.8,7.6,5.60,4.78,4.70,2.24,2.38,2.03
1,Pine,0,n,0,0,50,21,28,630,0.67,30.9,274,96.6,89.2,7.4,13.4,6.4,5.61,4.57,4.49,2.00,2.60,1.86
1,Pine,0,n,0,4,56,10.3,12.6,2230,0.86,24.5,116,48.8,43.5,5.3,13.1,5.74,4.75,3.89,3.77,1.67,2.57,1.75
1,Pine,0,n,0,5,42,6.4,5.9,6250,1.01,19.8,72,28.8,24.8,4,5,4.4,4.28,3.36,3.21,1.39,1.61,1.48
1,Pine,0,n,0,4,39,8.7,8.8,5280,0.84,21.4,90,37,31.6,5.4,5.8,4.7,4.50,3.61,3.45,1.69,1.76,1.55
1,Pine,0,n,0,6,60,5.6,7.3,2955,0.74,12.7,46,20.2,17.4,2.8,4.5,4.2,3.83,3.01,2.86,1.03,1.50,1.44
1,Pine,0,n,0,7,70,4.2,5.1,2886,0.65,8,31,11.9,9.6,2.3,2.9,2.9,3.43,2.48,2.26,0.83,1.06,1.06
1,Pine,0,n,0,3,18,5.7,4.9,8380,0.89,15.5,50.3,,,,,,3.92,,,,,
1,Pine,0,n,0,2,65,19.1,20.6,785,0.73,32.6,239,112.3,99,13.3,9.69,3.82,5.48,4.72,4.60,2.59,2.27,1.34
1,Pine,0,n,0,2,50,15.2,13.6,1745,0.8,32,190,87.1,75.2,11.9,11.2,3.86,5.25,4.47,4.32,2.48,2.42,1.35
1,Pine,0,n,0,0,55,23.8,25.6,600,0.68,32.6,331,111.3,97.2,14.1,19.4,7.59,5.80,4.71,4.58,2.65,2.97,2.03
1,Pine,0,n,0,0,60,21.1,23.3,665,0.65,30.2,269,105,93.5,11.5,11.1,4.87,5.59,4.65,4.54,2.44,2.41,1.58
1,Pine,0,n,0,3,70,15.6,15.6,955,0.56,19.1,134,65.2,54.9,10.3,10.8,3,4.90,4.18,4.01,2.33,2.38,1.10
1,Pine,0,a,1,0,38,17.9,17.6,1879,0.87,34,285,107.8,,,14,3.9,5.65,4.68,,,2.64,1.36
1,Pine,0,a,1,0,38,17.9,17.3,2150,1.11,43.2,362,123.5,,,34.5,14.7,5.89,4.82,,,3.54,2.69
1,Pine,0,a,1,1,38,16.1,16.5,2314,1.23,45.4,329,148.7,,,19.7,9.7,5.80,5.00,,,2.98,2.27
1,Pine,0,a,1,0,38,17.7,17,1787,1.02,39.3,326,149.2,,,16.9,7.2,5.79,5.01,,,2.83,1.97
1,Pine,0,a,1,0,38,16.5,14.9,1937,1.03,38.5,298,129.5,,,12.9,6.9,5.70,4.86,,,2.56,1.93
1,Pine,0,a,1,2,31,11.2,11,2940,1.13,34.5,174,94.6,,,12.1,7,5.16,4.55,,,2.49,1.95
1,Pine,0,a,1,2,19,7.3,7.2,6275,1.56,35,125,44.6,,,11.9,8.9,4.83,3.80,,,2.48,2.19
1,Pine,0,a,1,2,12,3.6,4,11562,1.92,19.7,50,21.2,,,11.2,6,3.91,3.05,,,2.42,1.79
1,Pine,0,a,1,1,31,13.4,13,2365,1.09,36.6,222,103,,,11.2,4.1,5.40,4.63,,,2.42,1.41
1,Pine,0,a,1,1,19,8.9,9.8,3540,1.34,35.2,146,61.6,,,25.9,7.1,4.98,4.12,,,3.25,1.96
1,Pine,0,a,1,1,12,5,6,6665,1.79,27.8,76,24.8,,,13.1,4.9,4.33,3.21,,,2.57,1.59
1,Pine,0,a,1,-1,15,9.1,8.1,4830,1.03,27.4,123,44.4,40.3,4.1,9.65,8.6,4.81,3.79,3.70,1.41,2.27,2.15
1,Pine,0,a,1,-1,20,12.2,10.5,3700,1.03,32.9,198,69.8,64.9,4.9,12.5,9.71,5.29,4.25,4.17,1.59,2.53,2.27
1,Pine,0,a,1,-1,30,17.4,15.3,2150,0.98,37.8,327,115.6,107.5,8.1,17.2,10.1,5.79,4.75,4.68,2.09,2.84,2.31
1,Pine,0,a,1,-1,40,21.4,19.6,1430,0.95,40.6,427,150.5,139.9,10.6,21,9.7,6.06,5.01,4.94,2.36,3.04,2.27
1,Pine,0,a,1,-1,60,26.6,26.4,850,0.93,43.7,556,195.5,181.7,13.8,25.2,8.29,6.32,5.28,5.20,2.62,3.23,2.12
1,Pine,0,a,1,0,80,29.7,32.3,580,0.99,48,636,224.2,208.4,15.8,27.2,7.16,6.46,5.41,5.34,2.76,3.30,1.97
1,Pine,0,a,1,0,100,32.4,36.8,450,0.98,47.4,700,246.7,229.4,17.3,28.5,6.37,6.55,5.51,5.44,2.85,3.35,1.85
1,Pine,0,a,1,-1,15,9.2,9.2,2950,0.79,21.1,96,32.5,30.2,2.3,12.1,12.7,4.56,3.48,3.41,0.83,2.49,2.54
1,Pine,0,a,1,-2,20,12.5,13,1750,0.72,23.3,144,48.4,45,3.4,14.2,12.7,4.97,3.88,3.81,1.22,2.65,2.54
1,Pine,0,a,1,-2,30,18,20.1,970,0.73,28.6,256,86.9,80.8,6.1,19.1,12.6,5.55,4.46,4.39,1.81,2.95,2.53
1,Pine,0,a,1,-1,40,22.1,25.7,720,0.79,34.4,372,127.4,118.4,9,23.9,12.3,5.92,4.85,4.77,2.20,3.17,2.51
1,Pine,0,a,1,-1,60,27.6,33.8,470,0.81,38.7,510,179.1,166.5,12.6,26.8,10,6.23,5.19,5.11,2.53,3.29,2.30
1,Pine,0,a,1,0,80,30.7,41.1,360,0.95,46.2,636,209.9,195.1,14.8,27,8.19,6.46,5.35,5.27,2.69,3.30,2.10
1,Pine,0,a,1,0,100,33.4,45.5,300,0.94,45.1,700,232.1,215.8,16.3,27.1,6.89,6.55,5.45,5.37,2.79,3.30,1.93
1,Pine,0,a,1,0,15,7.4,6.7,5810,1.07,24.2,87,31.6,28.5,3.1,7.56,6.81,4.47,3.45,3.35,1.13,2.02,1.92
1,Pine,0,a,1,0,20,10.4,9,4400,1.07,31.1,152,53.6,49.8,3.8,10.1,8.15,5.02,3.98,3.91,1.34,2.31,2.10
1,Pine,0,a,1,0,30,15.1,13.2,2670,1.06,37.9,269,94.8,88.1,6.7,14.5,8.95,5.59,4.55,4.48,1.90,2.67,2.19
1,Pine,0,a,1,0,40,18.6,16.9,1810,1.04,41.1,357,125.9,117,8.9,18.1,9.16,5.88,4.84,4.76,2.19,2.90,2.21
1,Pine,0,a,1,0,60,23.3,23.3,1038,1.01,44.7,475,167.5,155.7,11.8,22.1,7.69,6.16,5.12,5.05,2.47,3.10,2.04
1,Pine,0,a,1,1,80,26.3,28.6,720,1.05,49.4,549,193.6,179.9,13.7,24.6,6.82,6.31,5.27,5.19,2.62,3.20,1.92
1,Pine,0,a,1,1,100,28.6,32.9,560,1.05,50.9,609,214.4,199.3,15.1,26.3,6.19,6.41,5.37,5.29,2.71,3.27,1.82
1,Pine,0,a,1,0,15,7.6,7.2,4750,0.97,22.6,83,27.2,25.3,1.9,9.58,10.7,4.42,3.30,3.23,0.64,2.26,2.37
1,Pine,0,a,1,0,20,10.8,11.1,2370,0.85,25.2,128,39.8,37,2.8,11.8,11.3,4.85,3.68,3.61,1.03,2.47,2.42
1,Pine,0,a,1,0,30,15.6,17.8,1120,0.77,28.1,206,67.7,62.9,4.8,16.4,11.5,5.33,4.22,4.14,1.57,2.80,2.44
1,Pine,0,a,1,0,40,19.2,23.3,760,0.79,31.9,286,94.9,88.2,6.7,20,11,5.66,4.55,4.48,1.90,3.00,2.40
1,Pine,0,a,1,0,60,24.4,30.5,530,0.84,38,420,136.9,127.3,9.6,23.1,9.12,6.04,4.92,4.85,2.26,3.14,2.21
1,Pine,0,a,1,0,80,27.7,35.5,440,0.89,42.7,528,174.5,162.2,12.3,24,7.7,6.27,5.16,5.09,2.51,3.18,2.04
1,Pine,0,a,1,1,100,29.7,40.3,370,1,49,609,201.5,187.4,14.1,24.7,6.64,6.41,5.31,5.23,2.65,3.21,1.89
1,Pine,0,a,1,2,15,5.8,5.1,7510,1,18.2,56,20.2,18.4,1.8,5.47,5.02,4.03,3.01,2.91,0.59,1.70,1.61
1,Birch,2,a,1,1,20,8.4,7.2,5630,1.85,46.3,107,37.7,35.1,2.7,7.8,6.6,4.67,3.63,3.56,0.99,2.05,1.89
1,Pine,0,a,1,1,30,12.5,10.9,3460,1.11,35.9,204,71.8,66.7,5.1,11.9,7.81,5.32,4.27,4.20,1.63,2.48,2.06
1,Pine,0,a,1,1,40,15.6,14.1,2340,1.1,40,281,98.8,91.8,7,15.2,7.95,5.64,4.59,4.52,1.95,2.72,2.07
1,Pine,0,a,1,1,60,19.8,19.8,1360,1.08,44.2,387,136,126.4,9.6,19,7.1,5.96,4.91,4.84,2.26,2.94,1.96
1,Pine,0,a,1,2,80,22.8,24.6,920,1.12,49.2,462,162.2,150.7,11.5,21.9,6.46,6.14,5.09,5.02,2.44,3.09,1.87
1,Pine,0,a,1,2,100,25.1,28.3,720,1.12,51.5,521,182.9,169.9,13,24,5.96,6.26,5.21,5.14,2.56,3.18,1.79
1,Pine,0,a,1,1,15,6,5.1,7510,0.97,18.3,56,19.7,18.3,1.4,7.07,8.72,4.03,2.98,2.91,0.34,1.96,2.17
1,Pine,0,a,1,1,20,8.6,8,3880,0.87,22.3,90,29.9,27.8,2.1,9.4,9.86,4.50,3.40,3.33,0.74,2.24,2.29
1,Pine,0,a,1,1,30,12.8,13.7,1780,0.86,28.2,164,55.5,51.6,3.9,13.7,10.4,5.10,4.02,3.94,1.36,2.62,2.34
1,Pine,0,a,1,1,40,16.1,19,1040,0.84,30.9,224,74.9,69.6,5.3,15.3,9.74,5.41,4.32,4.24,1.67,2.73,2.28
1,Pine,0,a,1,1,60,20.6,26.6,650,0.89,37.2,337,112.3,104.4,7.9,19.4,8.23,5.82,4.72,4.65,2.07,2.97,2.11
1,Pine,0,a,1,1,80,23.5,31.5,550,1,44.6,451,149.9,139.3,10.6,21,7.19,6.11,5.01,4.94,2.36,3.04,1.97
1,Pine,0,a,1,2,100,26,35.1,470,1.07,50.1,521,171.2,159.2,12,22.5,6.4,6.26,5.14,5.07,2.48,3.11,1.86
1,Pine,0,a,1,3,15,4.6,3.8,18180,0.91,12.8,37,13.4,12.5,0.9,3.36,3.24,3.61,2.60,2.53,-0.11,1.21,1.18
1,Pine,0,a,1,2,20,6.8,5.8,6980,1.02,21.5,73,25.7,23.9,1.8,5.47,5.05,4.29,3.25,3.17,0.59,1.70,1.62
1,Pine,0,a,1,2,30,10.3,9.1,4270,1.11,32.2,151,53.2,49.5,3.8,9.29,6.69,5.02,3.97,3.90,1.34,2.23,1.90
1,Pine,0,a,1,2,40,12.9,11.8,3020,1.13,37.2,213,75.1,69.8,5.3,12.3,7.08,5.36,4.32,4.25,1.67,2.51,1.96
1,Pine,0,a,1,3,60,16.5,16.4,1800,1.17,43.8,303,106.8,99.3,7.5,16,6.5,5.71,4.67,4.60,2.01,2.77,1.87
1,Pine,0,a,1,3,80,19.1,20.8,1210,1.18,47.5,370,130.5,121.3,9.2,19.2,6.1,5.91,4.87,4.80,2.22,2.95,1.81
1,Pine,0,a,1,3,100,21.6,24.8,890,1.18,50.3,431,153.5,142.6,10.9,21.7,5.77,6.07,5.03,4.96,2.39,3.08,1.75
1,Pine,0,a,1,3,15,4.9,3.8,9860,0.82,12.5,37,13.4,12.5,0.9,4.57,6.72,3.61,2.60,2.53,-0.11,1.52,1.91
1,Pine,0,a,1,2,20,6.9,6.7,4790,0.91,19.5,67,21.9,20.4,1.5,6.97,8.41,4.20,3.09,3.02,0.41,1.94,2.13
1,Pine,0,a,1,2,30,10.4,11.7,2180,0.91,26.4,125,42.5,39.5,3,11,9.21,4.83,3.75,3.68,1.10,2.40,2.22
1,Pine,0,a,1,2,40,13.2,16,1290,0.86,28.7,168,56.4,52.4,4,12.4,8.43,5.12,4.03,3.96,1.39,2.52,2.13
1,Pine,0,a,1,2,60,17.2,22.3,920,1.02,38.9,289,90.5,84.1,6.4,15.7,7.3,5.67,4.51,4.43,1.86,2.75,1.99
1,Pine,0,a,1,3,80,19.8,26.2,760,1.13,46.2,370,121.1,112.5,8.6,18,6.68,5.91,4.80,4.72,2.15,2.89,1.90
1,Pine,0,a,1,3,100,22.3,29.8,620,1.13,49.2,431,144.1,133.9,10.2,20,6.13,6.07,4.97,4.90,2.32,3.00,1.81
1,Birch,2,n,0,2,33,13.2,9.5,2419,0.65,14.9,78,46.1,36.7,9.4,5.32,1.39,4.36,3.83,3.60,2.24,1.67,0.33
1,Birch,2,n,0,2,30,12.2,8.5,3690,0.95,20.7,101,57,46.8,10.2,7.49,1.99,4.62,4.04,3.85,2.32,2.01,0.69
1,Birch,2,n,0,-1,32,19.2,17.8,970,0.94,26.3,196,90.9,73.9,17,17.5,2.22,5.28,4.51,4.30,2.83,2.86,0.80
1,Birch,2,n,0,2,65,18.6,19.4,1305,1.11,30.7,216,120.7,100.2,20.5,16.93,3.2,5.38,4.79,4.61,3.02,2.83,1.16
1,Birch,2,n,0,3,40,9.8,9.1,1850,0.81,15.1,59.2,31,23,8,4.24,0.97,4.08,3.43,3.14,2.08,1.44,-0.03
1,Oak,5,n,0,2,60,17.1,19.6,590,,18.2,149,100.8,84.4,16.4,17.3,2.5,5.00,4.61,4.44,2.80,2.85,0.92
1,Oak,5,n,0,3,100,22.5,22.2,500,,20.5,208,123.9,101,22.9,20,3.3,5.34,4.82,4.62,3.13,3.00,1.19
1,Oak,5,n,0,4,140,22.1,24.7,480,,28.1,287,132.3,108,24.3,24.3,3.7,5.66,4.89,4.68,3.19,3.19,1.31
1,Pine,0,n,0,2,62,18.9,19.6,1024,0.75,33.2,241,117.4,108.4,9,18.5,4.22,5.48,4.77,4.69,2.20,2.92,1.44
1,Pine,0,n,0,1,55,19.5,23.8,589,0.72,32.3,252,111.3,103,8.3,14.9,5.61,5.53,4.71,4.63,2.12,2.70,1.72
1,Pine,0,n,0,3,65,16.6,17.5,1713,0.83,28.9,216,140.7,127.9,12.8,20.9,8.33,5.38,4.95,4.85,2.55,3.04,2.12
1,Pine,0,n,0,0,65,24.9,22.9,706,0.66,31.7,338,153.2,138.8,14.4,31.2,7.3,5.82,5.03,4.93,2.67,3.44,1.99
1,Pine,0,n,0,1,55,20.8,21.5,1170,0.77,35.4,295,189.2,178.3,10.9,17.2,8,5.69,5.24,5.18,2.39,2.84,2.08
1,Pine,0,n,0,2,55,15.8,20.5,1189,1,41,252,150.4,141.2,9.3,18,5.03,5.53,5.01,4.95,2.23,2.89,1.62
1,Pine,0,n,0,5,74,11.8,12.4,2163,1.06,32.4,168,68.4,62,6.4,20.6,8.61,5.12,4.23,4.13,1.86,3.03,2.15
1,Pine,0,n,0,2,45,14.2,13.8,2184,1.2,46.4,260,104.3,95.7,8.6,19.1,7.99,5.56,4.65,4.56,2.15,2.95,2.08
1,Pine,0,n,0,5,105,14.7,18.9,1154,0.97,32.7,204,76.3,67.8,8.5,19.8,7.02,5.32,4.33,4.22,2.14,2.99,1.95
1,Pine,0,n,0,2,45,15.4,14.7,1616,0.91,36.8,221,92.7,85.3,7.4,13.6,5.83,5.40,4.53,4.45,2.00,2.61,1.76
1,Pine,0,n,0,5,105,13.6,17.3,907,0.78,25.4,148,66.2,60.7,5.5,17.4,4.61,5.00,4.19,4.11,1.70,2.86,1.53
1,Pine,0,n,0,5,75,10.6,10.6,2030,1,28.8,138,72.5,65.4,7.2,22.7,12.9,4.93,4.28,4.18,1.97,3.12,2.56
1,Pine,0,n,0,6,75,6.7,9,3624,0.87,17.8,68,48.1,43.8,4.3,14.1,14,4.22,3.87,3.78,1.46,2.65,2.64
1,Pine,0,n,0,3,45,10.8,13,1140,0.57,16.6,82,32.6,28.5,4.2,10.5,4.75,4.41,3.48,3.35,1.44,2.35,1.56
1,Pine,0,n,0,4,35,6.9,9,1218,0.39,8.2,30,13.4,11.6,1.8,4.92,3.2,3.40,2.60,2.45,0.59,1.59,1.16
1,Pine,0,n,0,5,55,7,10.3,1956,0.65,13.9,54,22.2,18.7,3.5,9.98,4.3,3.99,3.10,2.93,1.25,2.30,1.46
1,Pine,0,n,0,6,65,7.6,12,875,0.42,9.7,39,16.7,14.4,2.3,6.31,3.37,3.66,2.82,2.67,0.83,1.84,1.21
1,Pine,0,n,0,5,55,7.3,11.4,1206,0.59,13,50,22.2,18.6,3.6,8.75,2.48,3.91,3.10,2.92,1.28,2.17,0.91
1,Pine,0,n,0,6,55,6.5,9.9,1212,0.59,11.6,44,16,13.2,2.8,4.64,1.5,3.78,2.77,2.58,1.03,1.53,0.41
1,Pine,0,n,0,6,65,5.6,10,750,0.37,6.3,23,9.8,8.2,1.6,2.82,1.53,3.14,2.28,2.10,0.47,1.04,0.43
1,Pine,0,n,0,5,90,11,14,1000,0.6,17.7,87,36.4,,,9.6,4.7,4.47,3.59,,,2.26,1.55
1,Pine,0,n,0,5,90,11,14,1180,0.7,20.8,102,42.8,,,11.2,3.3,4.62,3.76,,,2.42,1.19
1,Pine,0,n,0,5,90,11,14,1300,0.78,23,113,47.5,,,12.5,5.8,4.73,3.86,,,2.53,1.76
1,Pine,0,n,0,1,6,2.1,1.9,8100,1.95,7,19,5.8,5.4,0.5,4.86,7.94,2.94,1.76,1.69,-0.69,1.58,2.07
1,Pine,0,n,0,1,6,1.8,1.8,8100,1.74,3.8,13,4.1,3.6,0.5,4.06,5.43,2.56,1.41,1.28,-0.69,1.40,1.69
1,Pine,0,n,0,2,6,1.7,1.6,8100,1.58,2.7,12,3.7,3.2,0.4,3.96,6.16,2.48,1.31,1.16,-0.92,1.38,1.82
1,Pine,0,n,0,2,6,1.6,1.7,8100,1.35,1.7,9.3,2.8,2.4,0.4,2.75,6.08,2.23,1.03,0.88,-0.92,1.01,1.81
1,Pine,0,n,0,2,6,1.5,1.7,8100,1.78,1.4,11,3.3,3,0.3,3,4.95,2.40,1.19,1.10,-1.20,1.10,1.60
1,Pine,0,n,0,2,6,1.5,1.5,8100,1.28,1,7.9,2.4,2,0.4,2.67,5.18,2.07,0.88,0.69,-0.92,0.98,1.64
1,Birch,2,n,0,-3,11,7.7,6.2,9200,2,31,96,58.6,46.6,12,6.9,3.5,4.56,4.07,3.84,2.48,1.93,1.25
1,Birch,2,n,0,0,11,6.4,4.8,9200,1.85,24.5,62,37.9,29.6,8.3,4.42,3.04,4.13,3.63,3.39,2.12,1.49,1.11
1,Birch,2,n,0,-2,11,6.6,4.8,9200,1.81,24.7,64,39.2,31.8,7.4,4.42,2.67,4.16,3.67,3.46,2.00,1.49,0.98
1,Birch,2,n,0,-1,11,6.4,4.8,9200,1.9,25.2,87,52.8,44.4,8.4,6.26,3.68,4.47,3.97,3.79,2.13,1.83,1.30
1,Birch,2,n,0,0,11,6.2,4.8,9200,1.92,24.7,61,37.4,28.6,8.8,6.44,3.68,4.11,3.62,3.35,2.17,1.86,1.30
1,Birch,2,n,0,0,11,6.2,5.2,9200,1.79,23.1,57,34.6,27.9,6.7,3.31,3.68,4.04,3.54,3.33,1.90,1.20,1.30
1,Birch,2,n,0,-4,27,21.1,17.6,1382,1.24,36.5,304,185.4,165.9,19.5,22.5,4.71,5.72,5.22,5.11,2.97,3.11,1.55
1,Alder,3,n,0,-1,38,19.8,17.8,1391,1.3,40,349,181.2,158,23.2,14.1,4.6,5.86,5.20,5.06,3.14,2.65,1.53
1,Alder,3,n,0,0,47,21.5,23.8,710,1,31.7,331,148.3,129.4,18.9,9.9,1.7,5.80,5.00,4.86,2.94,2.29,0.53
1,Alder,3,n,0,1,65,21.2,28.4,508,1,30.9,217,132.8,115.3,17.5,14.1,2.6,5.38,4.89,4.75,2.86,2.65,0.96
1,Alder,3,n,0,2,62,22.1,25.6,677,1.1,34.7,385,150.2,128.8,21.4,15.6,5.1,5.95,5.01,4.86,3.06,2.75,1.63
1,Alder,3,n,0,-1,19,11.9,8.4,2430,0.8,13.6,89,34.4,29.9,4.5,3.4,1.8,4.49,3.54,3.40,1.50,1.22,0.59
1,Alder,3,n,0,2,63,20.4,25.2,673,1.1,33.6,343,142.6,124.7,17.9,11.3,4.9,5.84,4.96,4.83,2.88,2.42,1.59
1,Alder,3,n,0,-2,15,10.5,6.2,5160,1,15.8,102,37.1,33.2,3.9,5.5,3.3,4.62,3.61,3.50,1.36,1.70,1.19
1,Alder,3,n,0,1,62,25.7,29.7,540,1,38.7,457,207.7,173.4,34.3,13.2,2.2,6.12,5.34,5.16,3.54,2.58,0.79
1,Alder,3,n,0,1,28,17,13.5,1767,1,24.9,228,103.8,90.4,13.4,5,2,5.43,4.64,4.50,2.60,1.61,0.69
1,Alder,3,n,0,-2,25,20.1,15.8,1411,0.9,25.7,255,109.7,95.9,13.8,6.1,2.7,5.54,4.70,4.56,2.62,1.81,0.99
1,Alder,3,n,0,2,65,22.7,25.5,493,0.7,24.7,304,140.5,118,22.5,5.9,1,5.72,4.95,4.77,3.11,1.77,0.00
1,Alder,3,n,0,0,18,14.2,12,1967,1.1,22.1,150,63.1,55,8.1,7.7,3.4,5.01,4.14,4.01,2.09,2.04,1.22
1,Alder,3,n,0,-3,15,11.7,8.4,1980,0.6,9.9,59,20.7,18,2.7,3.3,2.4,4.08,3.03,2.89,0.99,1.19,0.88
1,Alder,3,n,0,-2,18,12.2,7,3967,0.9,15.2,116,51.3,45.2,6.1,3.2,2.2,4.75,3.94,3.81,1.81,1.16,0.79
1,Alder,3,a,1,-2,42,22.9,19.4,1136,1,33.5,427,211.7,191.8,19.9,5.6,2.1,6.06,5.36,5.26,2.99,1.72,0.74
1,Alder,3,n,0,2,66,23.7,24.3,580,0.9,31.3,359,106.6,96,10.6,8.5,1.8,5.88,4.67,4.56,2.36,2.14,0.59
1,Alder,3,n,0,-1,27,20.5,18.5,500,0.5,13.4,134,62.7,55.3,7.4,3.1,1.7,4.90,4.14,4.01,2.00,1.13,0.53
1,Alder,3,n,0,2,61,20.3,32,250,0.7,18.9,170,69.8,61,8.8,2.1,1,5.14,4.25,4.11,2.17,0.74,0.00
1,Pine,0,a,1,2,25,10,8,4663,1.08,23.5,114.9,46.7,42.3,4.4,7.77,2.47,4.74,3.84,3.74,1.48,2.05,0.90
1,Pine,0,a,1,1,48,18.7,15.8,1465,0.86,27.2,238.5,91.7,85.7,6,20.6,6.3,5.47,4.52,4.45,1.79,3.03,1.84
1,Pine,0,a,1,2,90,23.5,29.3,488,0.95,33,370.5,152,140.4,11.6,27.49,10.58,5.91,5.02,4.94,2.45,3.31,2.36
1,Pine,0,a,1,1,15,7.7,7.1,4455,0.9,18.4,64,21.7,18.1,3.6,10.73,6.4,4.16,3.08,2.90,1.28,2.37,1.86
1,Pine,0,a,1,0,39,19.3,18.5,1540,1.08,36.2,313.7,107.1,100.8,6.4,13.63,4.45,5.75,4.67,4.61,1.86,2.61,1.49
1,Pine,0,a,1,-3,16,13.6,12.9,2030,1.06,25.5,180.3,82.3,72,10.2,32.03,10.77,5.19,4.41,4.28,2.32,3.47,2.38
1,Pine,0,a,1,0,24,13.7,11.7,1938,0.83,20.5,144,42.8,38,4.8,18.12,9.08,4.97,3.76,3.64,1.57,2.90,2.21
1,Pine,0,a,1,0,56,25.4,21.7,1204,1.29,44.5,567.4,209.1,192.5,16.5,8.79,4.43,6.34,5.34,5.26,2.80,2.17,1.49
1,Pine,0,a,1,0,53,23.4,23.7,867,1.13,38.4,438.1,148.3,141.4,6.9,9.81,3.86,6.08,5.00,4.95,1.93,2.28,1.35
1,Pine,0,a,1,-1,45,22.7,21.1,946,0.95,33,351.9,174.4,162.8,11.5,13.2,4.6,5.86,5.16,5.09,2.44,2.58,1.53
1,Pine,0,a,1,1,67,25.4,25.3,620,0.8,31.2,354,132.8,126.3,6.6,6.1,4.35,5.87,4.89,4.84,1.89,1.81,1.47
1,Pine,0,a,1,-2,37,22.8,21.8,862,0.87,32.3,326,120.6,111.9,8.6,6.62,3.44,5.79,4.79,4.72,2.15,1.89,1.24
1,Pine,0,a,1,-1,21,13.5,11.8,2324,1.04,25.6,175,63.7,57.5,6.2,,,5.16,4.15,4.05,1.82,,
1,Pine,0,a,1,-1,49,25.4,23.7,977,1.18,43.1,520.5,193.1,179.8,13.3,14.52,10.46,6.25,5.26,5.19,2.59,2.68,2.35
1,Pine,0,n,0,0,169,35,53.9,69,0.32,13.9,229,94.6,89.9,4.7,5.35,1.01,5.43,4.55,4.50,1.55,1.68,0.01
1,Pine,0,n,0,1,143,29.1,47.3,236,0.54,23.8,292,117.1,111.6,5.6,13.44,3.44,5.68,4.76,4.71,1.72,2.60,1.24
1,Pine,0,n,0,1,161,31.1,47.6,178,0.45,19,266,120.4,113.7,6.7,12.86,1.54,5.58,4.79,4.73,1.90,2.55,0.43
1,Pine,0,n,0,2,155,29.7,49.5,194,0.48,21.3,265,109,97.8,11.2,10.65,2.61,5.58,4.69,4.58,2.42,2.37,0.96
1,Pine,0,n,0,2,143,25.7,39.9,257,0.48,19.9,214,69.5,64.1,5.4,10.9,2.05,5.37,4.24,4.16,1.69,2.39,0.72
1,Pine,0,n,0,0,132,36.1,46.5,231,0.82,29.1,607,271.5,256.3,15.3,21.52,6.77,6.41,5.60,5.55,2.73,3.07,1.91
1,Pine,0,n,0,1,175,31.7,55.1,133,0.55,26.4,339,132.6,125.3,7.3,15.65,3.48,5.83,4.89,4.83,1.99,2.75,1.25
1,Pine,0,n,0,-1,63,27.3,27.2,108,1.19,43.8,583,253.1,234.6,18.5,25.81,5.7,6.37,5.53,5.46,2.92,3.25,1.74
2,Pine,0,a,1,3,29,9.6,9.2,2675,0.66,18,102.8,41.4,36.8,4.6,9.99,6,4.63,3.72,3.61,1.53,2.30,1.79
2,Pine,0,a,1,4,23,6.3,6.8,2547,0.5,9.2,37.7,14.9,12.8,2.2,5.01,2.79,3.63,2.70,2.55,0.79,1.61,1.03
2,Pine,0,a,1,2,29,12,12.4,1764,0.69,21.4,146.5,59.3,53.3,6,6.39,3.7,4.99,4.08,3.98,1.79,1.85,1.31
2,Pine,0,n,0,2,50,17.1,17.5,1025,0.71,24.7,227,92.4,84,8.4,9.32,5.08,5.42,4.53,4.43,2.13,2.23,1.63
2,Pine,0,a,1,2,38,13.8,15.1,1307,0.69,23.5,181.3,73.7,66.8,6.9,10.65,5.36,5.20,4.30,4.20,1.93,2.37,1.68
2,Pine,0,n,0,2,59,18.9,23.2,638,0.79,27,245.9,100.2,91.3,8.9,7.66,3.58,5.50,4.61,4.51,2.19,2.04,1.28
2,Pine,0,n,0,4,125,20.7,24.3,594,0.84,27.6,279.6,115.3,107.7,7.6,1.15,2.43,5.63,4.75,4.68,2.03,0.14,0.89
2,Pine,0,n,0,2,34,12.9,11.7,2520,0.94,27.2,186,75.3,67.7,7.6,7.3,5,5.23,4.32,4.22,2.03,1.99,1.61
2,Pine,0,n,0,1,55,19.7,20,1157,0.89,36.2,358.9,146.7,134.7,12.1,10.25,6.62,5.88,4.99,4.90,2.49,2.33,1.89
2,Pine,0,a,1,1,58,22.4,24.4,759,0.84,35.6,403.8,165.1,151.5,13.6,9.77,5.47,6.00,5.11,5.02,2.61,2.28,1.70
2,Pine,0,a,1,2,16,6.9,6.7,5560,0.91,19.4,80.3,32.1,27.9,4.1,10.17,7.35,4.39,3.47,3.33,1.41,2.32,1.99
2,Pine,0,a,1,3,28,9.2,8.6,3560,0.79,20.8,108.5,43.2,37.4,5.8,7.86,5.09,4.69,3.77,3.62,1.76,2.06,1.63
2,Pine,0,a,1,3,33,11.3,10.6,2194,0.64,19.3,103.2,52.2,45.8,6.3,5.83,3.44,4.64,3.96,3.82,1.84,1.76,1.24
2,Pine,0,a,1,3,32,11.2,9.9,2933,0.76,22.8,152.3,61.2,54.1,7.1,8.47,5.14,5.03,4.11,3.99,1.96,2.14,1.64
2,Pine,0,a,1,2,75,22.9,31,515,0.91,38.9,357.2,145.3,131.9,13.4,6.46,4.4,5.88,4.98,4.88,2.60,1.87,1.48
2,Pine,0,n,0,1,41,14.9,16.1,1683,0.95,34.3,258.9,104.4,93,11.4,9.22,6.04,5.56,4.65,4.53,2.43,2.22,1.80
2,Pine,0,a,1,2,19,8.8,7.5,2925,0.51,13.1,65.3,25.9,22.3,3.6,5.61,4.64,4.18,3.25,3.10,1.28,1.72,1.53
2,Pine,0,a,1,3,11,4.3,4.7,3007,0.4,5.2,12,4.7,3.9,0.8,1.29,2.73,2.48,1.55,1.36,-0.22,0.25,1.00
2,Pine,0,a,1,3,25,9.2,10.8,1014,0.35,9.2,50.9,20.4,17.8,2.6,1.36,2.87,3.93,3.02,2.88,0.96,0.31,1.05
2,Pine,0,a,1,1,46,17.8,19.6,810,0.66,24.5,255.1,103.9,94.6,9.3,22.25,6.32,5.54,4.64,4.55,2.23,3.10,1.84
2,Pine,0,a,1,3,21,7,7.9,3200,0.7,15.8,69.1,27.6,24.2,3.4,11.11,6.24,4.24,3.32,3.19,1.22,2.41,1.83
2,Pine,0,a,1,2,25,10.7,11.4,3338,1.2,34,222.4,90.8,83,7.8,15.64,8.05,5.40,4.51,4.42,2.05,2.75,2.09
2,Pine,0,a,1,1,25,12.3,13.2,2217,0.95,30.1,227.1,93.1,85.9,7.2,25.77,10.9,5.43,4.53,4.45,1.97,3.25,2.39
2,Pine,0,a,1,4,26,7.5,8.7,1317,0.34,7.8,36.1,14.5,12.7,1.8,0.96,2.02,3.59,2.67,2.54,0.59,-0.04,0.70
2,Pine,0,a,1,1,22,10.9,11.8,1606,0.6,17.6,114.3,46.5,42.2,4.3,3.05,6.17,4.74,3.84,3.74,1.46,1.12,1.82
2,Pine,0,a,1,2,22,9.4,9.9,1543,0.45,11.9,61.2,24.9,22.6,2.3,10.02,4.08,4.11,3.21,3.12,0.83,2.30,1.41
2,Pine,0,a,1,2,30,12.5,12.8,2014,0.81,25.9,189.3,77.5,71.3,6.2,6.39,13.47,5.24,4.35,4.27,1.82,1.85,2.60
2,Pine,0,n,0,2,53,16.5,19.2,986,0.81,28.1,236.1,96.3,88,8.3,10.64,4.16,5.46,4.57,4.48,2.12,2.36,1.43
2,Pine,0,n,0,2,58,18.3,22.1,746,0.77,28.7,247.6,101.5,93.6,7.9,6.98,3.72,5.51,4.62,4.54,2.07,1.94,1.31
2,Pine,0,n,0,2,32,10.8,10.1,3736,1.13,29.9,178.5,71.9,63.8,8,1.34,2.82,5.18,4.28,4.16,2.08,0.29,1.04
2,Pine,0,a,1,2,19,8.2,8.2,1760,0.39,9.4,35.4,13.9,11.7,2.2,0.63,1.34,3.57,2.63,2.46,0.79,-0.46,0.29
2,Pine,0,n,0,3,39,12.1,13,2370,1.17,31.4,197.5,79.3,70,9.3,1.1,2.32,5.29,4.37,4.25,2.23,0.10,0.84
2,Pine,0,a,1,3,18,7.2,7.7,4520,0.96,21.2,68.9,27.6,24.2,3.4,1.17,2.36,4.23,3.32,3.19,1.22,0.16,0.86
2,Pine,0,a,1,2,39,14.4,13.6,2055,0.86,30,240.4,98.7,91.4,7.3,0.67,1.41,5.48,4.59,4.52,1.99,-0.40,0.34
2,Pine,0,n,0,-1,41,20.1,20.6,935,0.69,31.2,302.9,122.8,110.8,12.1,1.76,3.7,5.71,4.81,4.71,2.49,0.57,1.31
2,Pine,0,a,1,0,24,12.5,11.2,2860,0.88,28.4,192.7,77.2,67.8,9.4,1.74,3.66,5.26,4.35,4.22,2.24,0.55,1.30
2,Pine,0,a,1,1,18,8.6,8.3,4550,0.97,24.3,115.6,46.3,40.6,5.7,1.45,3.05,4.75,3.84,3.70,1.74,0.37,1.12
2,Oak,5,a,1,2,74,20.8,26.5,338,0.54,18.7,194,90.4,76.2,14.2,6.25,0.88,5.27,4.50,4.33,2.65,1.83,-0.13
2,Oak,5,a,1,1,49,18,20.2,872,0.89,28,263.9,134.8,116.2,18.6,27.33,2.93,5.58,4.90,4.76,2.92,3.31,1.08
2,Oak,5,a,1,2,39,13.6,13.9,1168,0.71,17.8,124.5,68,52.8,15.2,13.62,1.47,4.82,4.22,3.97,2.72,2.61,0.39
2,Oak,5,a,1,1,64,25,28.3,585,0.97,36.8,403.9,228.5,200.1,28.4,,,6.00,5.43,5.30,3.35,,
2,Birch,2,a,1,1,10,3.6,3.4,7956,0.93,7.4,10.1,5.1,4.3,0.8,1.62,1.34,2.31,1.63,1.46,-0.22,0.48,0.29
2,Alder,3,n,0,0,47,21.5,23.8,673,0.91,30.4,318,148.3,129.4,18.9,10,1.67,5.76,5.00,4.86,2.94,2.30,0.51
2,Alder,3,n,0,1,65,21.2,28.4,464,0.9,29.3,300.2,132.8,115.3,17.5,13.93,2.58,5.70,4.89,4.75,2.86,2.63,0.95
2,Alder,3,n,0,2,37,15.7,12.3,1431,0.68,17.1,124.1,60,49.2,10.8,10.34,3.47,4.82,4.09,3.90,2.38,2.34,1.24
2,Alder,3,n,0,2,59,21.6,19.5,663,0.66,19.8,217.4,100.2,83.9,16.3,10.33,4.89,5.38,4.61,4.43,2.79,2.34,1.59
2,Alder,3,n,0,3,13,5.2,3.2,9150,0.89,7.3,27.6,11,8.7,2.3,2.22,1.76,3.32,2.40,2.16,0.83,0.80,0.57
2,Alder,3,n,0,2,26,11.7,9.6,2400,0.86,17.2,108.7,46.3,39.3,7,7.29,2.38,4.69,3.84,3.67,1.95,1.99,0.87
2,Alder,3,a,1,2,33,16,12.4,1700,0.8,20.6,173.9,79.3,68.2,11.1,6.16,1.96,5.16,4.37,4.22,2.41,1.82,0.67
2,Pine,0,n,0,-1,63,27.3,27.2,740,0.84,43,574.6,235.4,218.2,17.2,24,5.3,6.35,5.46,5.39,2.84,3.18,1.67
2,Pine,0,a,1,1,43,19.1,16.2,1860,0.97,38.5,396.9,164.7,156,8.8,12.32,7.45,5.98,5.10,5.05,2.17,2.51,2.01
2,Pine,0,n,0,1,87,25.5,29,530,0.75,35,424.6,176.5,167.7,8.8,13.21,6.36,6.05,5.17,5.12,2.17,2.58,1.85
2,Pine,0,n,0,0,58,23.9,24.6,876,0.88,41.5,471.1,195,183.7,11.3,7.23,4.6,6.16,5.27,5.21,2.42,1.98,1.53
2,Pine,0,a,1,2,21,8.9,7.3,6100,1,25.8,140.4,56.6,50.3,6.2,6.86,5.28,4.94,4.04,3.92,1.82,1.93,1.66
2,Pine,0,a,1,3,43,12.7,12.3,2021,0.75,24.1,178.2,73.1,67.5,5.6,14.41,8.25,5.18,4.29,4.21,1.72,2.67,2.11
2,Pine,0,a,1,0,72,27.1,32.3,337,0.61,27.5,349.8,144.7,136,8.6,11.37,3.97,5.86,4.97,4.91,2.15,2.43,1.38
2,Pine,0,a,1,0,32,16.4,15.6,1696,0.87,32.3,268.5,110.6,103.1,7.5,20.31,8.94,5.59,4.71,4.64,2.01,3.01,2.19
2,Pine,0,a,1,-1,35,20.5,23.8,727,0.78,32.3,306.9,126.9,119.1,7.7,15.85,7.14,5.73,4.84,4.78,2.04,2.76,1.97
2,Pine,0,a,1,-1,31,18.4,17.2,1900,1.1,44.3,421.7,173.5,161.4,12.1,12.76,7.94,6.04,5.16,5.08,2.49,2.55,2.07
2,Birch,2,n,0,0,30,14.9,9.2,2444,0.67,16.4,129.5,61.9,52.7,9.3,2.62,0.59,4.86,4.13,3.96,2.23,0.96,-0.53
2,Aspen,4,n,0,0,33,15.9,10,2217,0.52,17.3,147.7,55.4,46.9,8.5,5.51,2.49,5.00,4.01,3.85,2.14,1.71,0.91
2,Alder,3,a,1,0,43,21,20.8,660,0.68,22.4,239.8,106.8,91.5,15.4,9.92,2.12,5.48,4.67,4.52,2.73,2.29,0.75
2,Alder,3,a,1,0,28,15.4,14.2,1369,0.88,21.7,157.4,67.6,57,10.6,8.85,3.24,5.06,4.21,4.04,2.36,2.18,1.18
2,Alder,3,n,0,1,64,26,27.7,650,0.98,39.1,482.2,251.6,210.5,41.1,8.89,1.73,6.18,5.53,5.35,3.72,2.18,0.55
2,Alder,3,n,0,0,77,27.2,30.9,392,0.71,29.5,399.5,161.9,139.6,22.3,2.08,1.29,5.99,5.09,4.94,3.10,0.73,0.25
2,Pine,0,n,0,1,154,33.2,48.6,80,0.28,14.9,234.9,109.9,103.9,6,6.9,1.6,5.46,4.70,4.64,1.79,1.93,0.47
2,Pine,0,n,0,1,143,32.9,49,106,0.38,20,271.6,126,120.8,5.2,7.4,3.1,5.60,4.84,4.79,1.65,2.00,1.13
2,Pine,0,n,0,1,157,33.1,51.2,76,0.3,15.6,213.8,92.8,87.8,5,6.6,1.8,5.37,4.53,4.48,1.61,1.89,0.59
2,Pine,0,a,1,0,39,19.3,18.5,1137,0.76,30.5,272.2,107.1,100.8,6.4,13.63,4.45,5.61,4.67,4.61,1.86,2.61,1.49
2,Pine,0,a,1,-1,16,13.6,12.9,1905,0.74,24.9,176.6,82.3,72,10.2,32.03,10.77,5.17,4.41,4.28,2.32,3.47,2.38
2,Pine,0,a,1,-2,33,21.2,20.8,1272,0.91,43.1,486.7,179.4,167,12.4,18.8,12.5,6.19,5.19,5.12,2.52,2.93,2.53
2,Pine,0,a,1,-1,65,29.7,35,320,0.59,30.7,392.6,150.5,139.7,10.8,10.2,3.4,5.97,5.01,4.94,2.38,2.32,1.22
2,Pine,0,a,1,-1,64,29.9,35.7,294,0.56,29.4,413.8,171.4,164.5,6.9,18.5,6.5,6.03,5.14,5.10,1.93,2.92,1.87
2,Pine,0,a,1,-1,77,32.4,34.9,412,0.74,39.4,581.2,242,227.9,14.1,10,5.1,6.37,5.49,5.43,2.65,2.30,1.63
2,Pine,0,a,1,-1,62,27,27.2,628,0.71,36.4,466.5,179.8,167.6,12.2,13,4.6,6.15,5.19,5.12,2.50,2.56,1.53
2,Pine,0,a,1,0,15,8.2,8.9,3167,0.68,19.7,88.8,30.6,24.9,5.7,9,7.7,4.49,3.42,3.21,1.74,2.20,2.04
2,Pine,0,a,1,-2,58,29.7,31.4,484,0.72,37.6,537.1,222.1,206.2,15.9,11.1,3.5,6.29,5.40,5.33,2.77,2.41,1.25
2,Pine,0,a,1,-2,40,22.5,25.4,754,0.79,38.2,439.7,160.8,149.6,11.2,17.7,7.6,6.09,5.08,5.01,2.42,2.87,2.03
2,Pine,0,a,1,-1,40,22.2,21.8,770,0.6,28.7,317,112.6,103.7,8.9,8.8,4.4,5.76,4.72,4.64,2.19,2.17,1.48
2,Pine,0,a,1,-2,25,15.1,15.5,1832,0.84,34.7,256.7,89,80.4,8.6,16.3,5.4,5.55,4.49,4.39,2.15,2.79,1.69
2,Pine,0,a,1,-2,29,17.8,17.8,1354,0.75,33.6,336.3,117.4,108,9.4,13.2,6.7,5.82,4.77,4.68,2.24,2.58,1.90
2,Pine,0,a,1,-2,52,28.9,28.6,598,0.74,38.4,569.5,222.1,209.1,13,12.8,4,6.34,5.40,5.34,2.56,2.55,1.39
2,Pine,0,a,1,-2,43,25.4,27.4,630,0.75,37.3,478.7,174.8,164.2,10.6,14.3,7.4,6.17,5.16,5.10,2.36,2.66,2.00
2,Pine,0,a,1,-2,77,34.2,37.6,360,0.75,40.1,616.2,265.1,248.4,16.7,20.3,4,6.42,5.58,5.52,2.82,3.01,1.39
2,Pine,0,a,1,-2,65,32,34,394,0.67,35.7,542.1,214,200.9,13.1,14.1,3.6,6.30,5.37,5.30,2.57,2.65,1.28
2,Pine,0,a,1,-1,43,27.2,24.8,881,0.83,42.5,578.3,202.2,187.7,14.5,13.1,5.3,6.36,5.31,5.23,2.67,2.57,1.67
2,Pine,0,a,1,-1,45,24.2,25,916,0.91,45,563.8,234.8,218.6,16.2,12.6,5.8,6.33,5.46,5.39,2.79,2.53,1.76
2,Pine,0,a,1,-1,41,20.7,18.3,1450,0.81,38.2,410,144.8,130.9,13.9,7.9,2.8,6.02,4.98,4.87,2.63,2.07,1.03
2,Pine,0,a,1,-1,66,28.9,29,640,0.81,42.2,588.9,254.2,236.9,17.3,14.9,6.3,6.38,5.54,5.47,2.85,2.70,1.84
2,Pine,0,a,1,-1,82,31.6,34.1,348,0.6,31.7,513.2,218.4,202.4,16,12.7,5.2,6.24,5.39,5.31,2.77,2.54,1.65
2,Pine,0,n,0,0,132,36.1,46.5,228,0.72,38.7,602.2,268.8,253.7,15.1,21.3,6.7,6.40,5.59,5.54,2.71,3.06,1.90
2,Pine,0,n,0,1,175,31.7,55.1,100,0.46,23.9,310.1,122,115.3,6.7,14.4,3.2,5.74,4.80,4.75,1.90,2.67,1.16
2,Pine,0,a,1,-1,79,32.3,34.2,439,0.76,40.4,656.5,282.2,268.6,13.6,15.1,6.5,6.49,5.64,5.59,2.61,2.71,1.87
2,Pine,0,a,1,3,10,3.6,4.2,3813,0.49,5.3,16.6,6.3,5.4,0.9,4.48,2.85,2.81,1.84,1.69,-0.11,1.50,1.05
2,Pine,0,a,1,2,18,8.1,7.6,3960,0.74,17.8,77.6,27.4,24.5,2.9,8.82,5.66,4.35,3.31,3.20,1.06,2.18,1.73
2,Pine,0,a,1,2,38,15.2,15.5,1592,0.84,29.9,210,92.4,84,8.4,2.65,5.58,5.35,4.53,4.43,2.13,0.97,1.72
2,Pine,0,a,1,-1,55,26.2,25.5,804,0.92,41,504.1,258.7,239.4,19.4,12.28,5.97,6.22,5.56,5.48,2.97,2.51,1.79
2,Pine,0,a,1,-1,17,10.6,10.6,2944,0.75,25.8,144.5,58.4,52.2,6.2,11.73,7.92,4.97,4.07,3.96,1.82,2.46,2.07
2,Pine,0,a,1,-2,22,13.1,15.7,1200,0.6,23.2,139.6,56,49.2,6.7,12.5,7.63,4.94,4.03,3.90,1.90,2.53,2.03
2,Birch,2,n,0,-2,12,11.1,6.1,6433,0.93,19,121.5,55.4,44.6,10.7,6.49,2.82,4.80,4.01,3.80,2.37,1.87,1.04
2,Birch,2,n,0,-1,16,12.6,7.6,4410,0.92,20.1,142,79.4,67.3,12.1,6.38,1.86,4.96,4.37,4.21,2.49,1.85,0.62
2,Birch,2,a,1,-1,13,8,6.6,1275,0.27,4.4,22,11.3,9,2.3,2.18,1,3.09,2.42,2.20,0.83,0.78,0.00
2,Birch,2,n,0,-2,35,21.7,20.6,567,0.86,18.9,148.6,76,70.4,5.7,33.21,4.17,5.00,4.33,4.25,1.74,3.50,1.43
2,Birch,2,n,0,-1,29,16.9,21.5,519,0.8,3.8,123,61.6,56.2,5.5,17.74,3.35,4.81,4.12,4.03,1.70,2.88,1.21
2,Birch,2,n,0,2,69,21.6,28.5,445,0.96,28.5,277.1,139.6,128.9,10.7,32.74,7.38,5.62,4.94,4.86,2.37,3.49,2.00
2,Birch,2,n,0,2,40,12.9,12.7,664,0.38,8.4,67.9,36.2,32.2,4.1,6.01,1.74,4.22,3.59,3.47,1.41,1.79,0.55
2,Birch,2,n,0,1,24,10.1,9.5,810,0.3,5.8,35,16.9,15,1.9,4.39,2.16,3.56,2.83,2.71,0.64,1.48,0.77
2,Birch,2,n,0,0,50,21,21.1,705,0.84,24.6,216,121,111.7,9.4,23.52,6.17,5.38,4.80,4.72,2.24,3.16,1.82
2,Alder,3,n,0,1,64,27.3,28.6,663,1.14,42.5,536.3,223.5,189.6,33.9,16.78,6.27,6.28,5.41,5.24,3.52,2.82,1.84
2,Alder,3,n,0,0,48,23.8,22.4,892,0.92,35.1,407.4,190.6,165.5,25.1,17.48,5.18,6.01,5.25,5.11,3.22,2.86,1.64
2,Alder,3,n,0,-2,10,10.8,6.2,2700,0.53,8,50.6,20.8,18,2.9,2.58,1.21,3.92,3.03,2.89,1.06,0.95,0.19
2,Alder,3,n,0,0,57,22.7,25,626,0.9,30.8,348.7,153.9,135.3,18.6,12.74,2.89,5.85,5.04,4.91,2.92,2.54,1.06
2,Pine,0,n,0,1,65,24.8,30.7,435,0.6,32.2,364.8,151,142.2,8.8,13.52,6,5.90,5.02,4.96,2.17,2.60,1.79
2,Pine,0,n,0,2,91,24.1,33.7,232,0.5,20.6,232.5,96.9,92.5,4.4,5.23,2.12,5.45,4.57,4.53,1.48,1.65,0.75
2,Pine,0,a,1,1,30,13.8,15.2,1141,0.6,20.8,161,66.2,61.4,4.8,9.29,4.9,5.08,4.19,4.12,1.57,2.23,1.59
2,Pine,0,n,0,3,83,20.1,25.6,655,0.96,33.7,297.3,123.4,117,6.5,11.08,4.62,5.69,4.82,4.76,1.87,2.41,1.53
2,Pine,0,n,0,1,32,12.2,12.6,1603,0.66,20,135.7,55.2,50.1,5.1,4.73,2.91,4.91,4.01,3.91,1.63,1.55,1.07
2,Pine,0,a,1,3,19,7.1,6.5,4145,0.64,13.9,59.2,23.6,20.4,3.2,5.1,4.4,4.08,3.16,3.02,1.16,1.63,1.48
2,Pine,0,a,1,2,22,9.8,9.5,1885,0.5,13.5,68.7,27.8,24.9,2.9,0.96,2.04,4.23,3.33,3.21,1.06,-0.04,0.71
2,Pine,0,n,0,0,33,15.7,15.4,1168,0.63,21.8,187.5,77.4,72.4,5,1.09,2.29,5.23,4.35,4.28,1.61,0.09,0.83
2,Pine,0,n,0,0,52,22.8,23.3,705,0.68,30,317.4,130.9,122.4,8.5,0.94,1.99,5.76,4.87,4.81,2.14,-0.06,0.69
2,Pine,0,n,0,-1,46,23.1,21.5,940,0.73,34.3,380.7,157.9,149.4,8.5,1.09,2.3,5.94,5.06,5.01,2.14,0.09,0.83
2,Pine,0,n,0,0,50,21.8,21.1,606,0.48,21.1,234.8,97.3,91.9,5.4,1.6,3.37,5.46,4.58,4.52,1.69,0.47,1.21
2,Pine,0,n,0,4,71,14.7,14.2,1303,0.71,20.5,159.8,65.6,60.6,4.9,0.61,1.29,5.07,4.18,4.10,1.59,-0.49,0.25
2,Birch,2,n,0,-1,11,6.6,2.9,11800,0.54,7.6,38.8,15.5,10.6,5,3,0.48,3.66,2.74,2.36,1.61,1.10,-0.73
2,Birch,2,n,0,0,18,9,5.2,4640,0.6,10,53,27.6,22.5,5.2,2.84,2.2,3.97,3.32,3.11,1.65,1.04,0.79
2,Birch,2,n,0,3,29,8.7,7.9,2199,0.6,10.7,66.2,33.3,24.7,8.5,4.03,2.48,4.19,3.51,3.21,2.14,1.39,0.91
2,Birch,2,n,0,1,22,9.2,7.1,2270,0.5,8.9,43.2,20.7,16.2,4.5,5.2,2.94,3.77,3.03,2.79,1.50,1.65,1.08
2,Birch,2,n,0,1,19,8.4,6.6,1714,0.35,5.8,28.4,14.8,11.9,2.8,2.57,1.56,3.35,2.69,2.48,1.03,0.94,0.44
2,Alder,3,n,0,1,40,18.6,16.6,1707,1.24,36.8,329.9,140.6,122,18.5,11.05,4.45,5.80,4.95,4.80,2.92,2.40,1.49
2,Alder,3,n,0,2,58,21,19.1,856,0.76,24.5,271.2,124.8,109.2,15.6,7.83,2.08,5.60,4.83,4.69,2.75,2.06,0.73
2,Alder,3,n,0,3,23,10,9.9,2020,0.88,15.5,92.4,41,34,7,7.62,3.31,4.53,3.71,3.53,1.95,2.03,1.20
2,Alder,3,n,0,2,34,15.7,12.3,2140,0.98,25.3,241.9,93.5,79.4,14.1,6.04,1.61,5.49,4.54,4.37,2.65,1.80,0.48
2,Alder,3,n,0,1,36,19.1,19,1460,1.34,40.1,407.2,188.3,157.2,31.1,18.87,3.99,6.01,5.24,5.06,3.44,2.94,1.38
2,Alder,3,n,0,0,36,19.8,16.4,1927,1.32,40.9,388.1,173.9,147.7,26.2,16.75,4.57,5.96,5.16,5.00,3.27,2.82,1.52
2,Alder,3,n,0,2,33,15.1,15.1,1760,1.29,31.5,255.1,103.3,81.4,22,9.16,2.52,5.54,4.64,4.40,3.09,2.21,0.92
2,Alder,3,n,0,1,26,14.6,12.5,1115,0.57,13.9,100.4,42.6,36.9,5.7,5.81,2.28,4.61,3.75,3.61,1.74,1.76,0.82
2,Alder,3,n,0,2,48,19.4,23.5,968,1.35,41.8,428.8,199,169.7,29.4,29.01,5.13,6.06,5.29,5.13,3.38,3.37,1.64
2,Alder,3,n,0,0,25,16.9,12.4,3350,1.49,40.2,348.8,136.8,114,22.8,12.16,3.98,5.85,4.92,4.74,3.13,2.50,1.38
2,Alder,3,n,0,1,34,16.2,12.5,2780,1.32,33.9,277,123.5,103,20.4,12.32,4.51,5.62,4.82,4.63,3.02,2.51,1.51
2,Alder,3,n,0,2,55,20.4,20.5,828,0.89,27.4,294.6,134.1,115.7,18.5,10.03,1.94,5.69,4.90,4.75,2.92,2.31,0.66
2,Alder,3,n,0,2,41,17.4,16.3,1016,0.77,20.8,170.3,81.7,68.5,13.3,7.54,1.91,5.14,4.40,4.23,2.59,2.02,0.65
2,Alder,3,n,0,3,56,18.2,17.5,896,0.76,21.6,195.6,93,81.1,11.9,7.39,1.68,5.28,4.53,4.40,2.48,2.00,0.52
2,Alder,3,n,0,1,32,13.1,11,1940,0.84,18.4,141.7,63.2,53.1,10.1,11.23,3.56,4.95,4.15,3.97,2.31,2.42,1.27
2,Alder,3,n,0,1,26,14.5,10,3360,1.11,27.1,221.7,98.8,84.4,14.4,8.22,3.61,5.40,4.59,4.44,2.67,2.11,1.28
2,Alder,3,n,0,2,56,21.9,20.2,820,0.78,26.2,280.7,119.9,102.6,17.3,8.89,2.04,5.64,4.79,4.63,2.85,2.18,0.71
2,Alder,3,n,0,1,49,22.7,21,884,0.87,30.5,320.6,149.1,125.2,24,3.96,0.85,5.77,5.00,4.83,3.18,1.38,-0.16
2,Alder,3,n,0,1,39,18.5,17.9,1068,0.92,27,236.6,116.6,101,15.6,8.36,2.14,5.47,4.76,4.62,2.75,2.12,0.76
2,Alder,3,n,0,2,51,20.8,20.1,1124,1.11,35.7,331.8,151.7,131.3,20.4,7.87,1.8,5.80,5.02,4.88,3.02,2.06,0.59
2,Alder,3,n,0,1,28,15.9,12,3320,1.45,37.4,319.8,138.5,117,21.6,8.94,3.09,5.77,4.93,4.76,3.07,2.19,1.13
2,Alder,3,n,0,1,27,16.4,12.1,3230,1.45,37.2,316.6,148.6,133.4,15.3,5.72,2.48,5.76,5.00,4.89,2.73,1.74,0.91
2,Alder,3,n,0,0,20,13.1,8.9,3270,0.93,20.2,124.5,47.5,39.8,7.7,7.38,2.98,4.82,3.86,3.68,2.04,2.00,1.09
2,Alder,3,n,0,2,44,17.6,16.8,1048,0.85,23.4,190.2,89,76.4,12.6,6.36,1.47,5.25,4.49,4.34,2.53,1.85,0.39
2,Alder,3,n,0,2,31,14.6,12.5,3270,1.68,40.1,307.8,131.7,109.2,22.5,10.42,3.36,5.73,4.88,4.69,3.11,2.34,1.21
2,Alder,3,n,0,-1,11,6.4,3.1,33900,2.32,25.6,118.8,38,30.2,7.8,8.83,7.58,4.78,3.64,3.41,2.05,2.18,2.03
2,Alder,3,n,0,2,62,22.1,25.6,677,1.02,34.7,385.4,150.2,128.8,21.5,17.93,5.1,5.95,5.01,4.86,3.07,2.89,1.63
2,Alder,3,n,0,-1,19,11.9,8.4,2430,0.67,13.6,89.2,34.4,29.9,4.5,3.82,1.8,4.49,3.54,3.40,1.50,1.34,0.59
2,Alder,3,n,0,2,63,20.4,25.2,673,1.07,33.6,342,142.6,124.7,17.9,12.57,4.89,5.83,4.96,4.83,2.88,2.53,1.59
2,Alder,3,n,0,-2,15,10.5,6.2,5160,0.85,15.8,102.4,37,33.2,3.9,6.09,3.3,4.63,3.61,3.50,1.36,1.81,1.19
2,Alder,3,n,0,1,62,25.7,29.7,540,0.97,38.7,457.1,207.7,173.4,34.3,13.82,2.18,6.12,5.34,5.16,3.54,2.63,0.78
2,Alder,3,n,0,1,28,17,13.5,1692,0.9,24.4,224.5,103.9,90.4,13.4,5.19,1.97,5.41,4.64,4.50,2.60,1.65,0.68
2,Alder,3,n,0,-2,25,20.1,15.8,1256,0.79,24.7,245.1,109.8,95.9,13.8,6.57,2.66,5.50,4.70,4.56,2.62,1.88,0.98
2,Alder,3,n,0,2,65,22.7,25.5,473,0.69,24.2,299.5,140.5,118,22.5,6.64,1.02,5.70,4.95,4.77,3.11,1.89,0.02
2,Alder,3,n,0,0,18,14.2,12,1917,0.91,21.8,148,63.1,55,8.1,8.16,3.44,5.00,4.14,4.01,2.09,2.10,1.24
2,Alder,3,n,0,-1,15,11.7,8.4,1550,0.42,8.5,50.6,20.7,18,2.7,3.27,2.43,3.92,3.03,2.89,0.99,1.18,0.89
2,Alder,3,n,0,0,23,11.5,6.9,4640,0.91,17.6,116.1,43.1,37.8,5.3,7.42,2.46,4.75,3.76,3.63,1.67,2.00,0.90
2,Alder,3,n,0,1,39,19.6,18.6,1140,1.01,30.9,290.5,127.8,110.5,17.3,6.69,2.46,5.67,4.85,4.71,2.85,1.90,0.90
2,Pine,0,a,1,0,43,20.3,19.3,1167,0.83,34,353.2,145.6,136,9.6,13.98,7.75,5.87,4.98,4.91,2.26,2.64,2.05
2,Pine,0,a,1,2,21,9.3,8,3817,0.73,19.3,116.5,46.8,41.4,5.4,9.56,8.21,4.76,3.85,3.72,1.69,2.26,2.11
2,Pine,0,a,1,0,43,21,20.3,983,0.8,31.9,359.9,142.7,122.3,20.3,12.35,6.82,5.89,4.96,4.81,3.01,2.51,1.92
2,Pine,0,a,1,1,74,25.5,27.7,508,0.69,30.7,370.1,153.7,145.8,7.9,8.53,4.79,5.91,5.04,4.98,2.07,2.14,1.57
2,Pine,0,a,1,0,37,18.2,17,1236,0.72,28.2,271.8,111.8,103.9,7.9,11.58,7.68,5.61,4.72,4.64,2.07,2.45,2.04
2,Pine,0,a,1,0,24,12.4,11.4,2850,0.91,29.1,199.1,81.3,74.6,6.8,9.98,8.49,5.29,4.40,4.31,1.92,2.30,2.14
2,Pine,0,a,1,0,35,17.1,16.4,1528,0.85,32.1,282.4,115.4,105.9,9.6,8.82,6.03,5.64,4.75,4.66,2.26,2.18,1.80
2,Pine,0,a,1,2,34,14,13.2,2229,0.9,30.6,238.4,97.1,88.4,8.7,14.22,8.28,5.47,4.58,4.48,2.16,2.65,2.11
2,Pine,0,a,1,2,19,8.6,8.1,4283,0.88,22.1,104.6,41.9,36.9,5,10,6.5,4.65,3.74,3.61,1.61,2.30,1.87
2,Pine,0,a,1,1,26,12.9,11.4,2508,0.77,25.3,193.9,78.6,70.7,7.8,12.42,8.08,5.27,4.36,4.26,2.05,2.52,2.09
2,Pine,0,a,1,1,56,20.3,19.7,1117,0.83,34,345.9,142.5,132.9,9.6,14.34,7.92,5.85,4.96,4.89,2.26,2.66,2.07
2,Pine,0,a,1,0,60,24.4,22.8,822,0.77,33.5,412.4,170.2,159.4,10.8,7.87,4.85,6.02,5.14,5.07,2.38,2.06,1.58
2,Pine,0,a,1,1,23,11.6,10.3,3550,0.96,29.3,202.9,82,73.5,8.5,14.37,10.65,5.31,4.41,4.30,2.14,2.67,2.37
2,Pine,0,a,1,-1,44,23.2,22.1,1145,1.01,43.8,482.4,198,183.4,14.7,16.43,9.62,6.18,5.29,5.21,2.69,2.80,2.26
2,Pine,0,a,1,1,35,14.8,13.9,2508,1.08,38,296.9,121,110.2,10.8,12.45,9.02,5.69,4.80,4.70,2.38,2.52,2.20
2,Pine,0,a,1,0,24,12.4,12.3,2005,0.75,23.9,166.9,67.8,61.3,6.5,11.14,7.54,5.12,4.22,4.12,1.87,2.41,2.02
2,Pine,0,a,1,2,27,11.3,10.4,2608,0.74,22.1,155.6,63.2,57.3,5.9,13.74,5.91,5.05,4.15,4.05,1.77,2.62,1.78
2,Pine,0,a,1,0,35,18.1,16.3,1667,0.89,34.7,339.6,139.4,128.9,10.4,8.67,7.12,5.83,4.94,4.86,2.34,2.16,1.96
2,Pine,0,a,1,0,30,15.2,14.5,2453,1.13,40.4,300.3,116.5,103.5,13,10.51,7.88,5.70,4.76,4.64,2.56,2.35,2.06
2,Pine,0,a,1,0,28,14.2,14.2,2213,1.02,35.2,251.4,93.5,83,10.6,9.05,5.96,5.53,4.54,4.42,2.36,2.20,1.79
2,Pine,0,a,1,0,26,13.7,12,3217,1.08,36.4,246,99.2,88.4,10.8,8.83,6.46,5.51,4.60,4.48,2.38,2.18,1.87
2,Pine,0,a,1,0,40,19.3,15.8,1670,0.81,32.7,304.3,124,113.7,10.2,4.17,3.55,5.72,4.82,4.73,2.32,1.43,1.27
2,Pine,0,a,1,1,18,8.4,11.7,2691,1.21,29.9,122.1,40.2,35.5,4.7,7.55,6.2,4.80,3.69,3.57,1.55,2.02,1.82
2,Pine,0,a,1,2,28,12.1,12.9,2380,0.99,31.2,188.9,70,62.9,7.1,5.87,4.32,5.24,4.25,4.14,1.96,1.77,1.46
2,Aspen,4,n,0,0,12,7.3,4,15222,0.86,19.6,87.1,36.7,28.7,8,7.7,3.56,4.47,3.60,3.36,2.08,2.04,1.27
2,Birch,2,n,0,-2,34,21,20.1,983,1.05,31.2,257,134.2,108.3,25.9,6.73,2.13,5.55,4.90,4.68,3.25,1.91,0.76
2,Birch,2,n,0,-1,57,24.8,26,637,1.05,33.8,267.8,139.7,124.8,14.9,8.29,1.51,5.59,4.94,4.83,2.70,2.12,0.41
2,Birch,2,a,1,-1,24,14.4,11.7,1815,0.83,19.5,117.8,61.5,51.3,10.2,10.24,3.76,4.77,4.12,3.94,2.32,2.33,1.32
2,Birch,2,a,1,-1,44,22.5,25.3,633,1.04,31.8,370.5,193.5,154.6,38.8,5.7,1.48,5.91,5.27,5.04,3.66,1.74,0.39
2,Birch,2,n,0,0,57,23.6,26.5,493,0.87,27.3,275.3,143.6,128,15.7,8.63,0.99,5.62,4.97,4.85,2.75,2.16,-0.01
2,Birch,2,a,1,0,59,25.6,30.7,376,0.85,27.8,269.1,140.4,124.7,15.7,4.22,0.74,5.60,4.94,4.83,2.75,1.44,-0.30
2,Birch,2,n,0,-2,36,27.5,18.2,545,0.72,24.2,214.8,105.7,97.3,8.4,6.07,1.12,5.37,4.66,4.58,2.13,1.80,0.11
2,Aspen,4,n,0,1,13,8.1,4.6,7926,0.58,13,66.7,23.5,19.2,4.3,7.05,1.16,4.20,3.16,2.95,1.46,1.95,0.15
2,Aspen,4,n,0,0,35,20.9,18.7,994,0.74,27.2,340,163.4,142.4,20.9,31.81,3.88,5.83,5.10,4.96,3.04,3.46,1.36
2,Aspen,4,n,0,1,7,2.8,1.9,26200,0.81,6.9,21.1,8.2,6.6,1.6,3.05,2.4,3.05,2.10,1.89,0.47,1.12,0.88
2,Aspen,4,n,0,-1,10,8.1,4.2,15737,0.95,22.1,103.5,37.5,31.6,5.9,4.87,4.34,4.64,3.62,3.45,1.77,1.58,1.47
2,Aspen,4,n,0,0,12,7.7,4.6,11950,0.88,19.5,88.1,35.1,26.2,8.9,10.83,3.92,4.48,3.56,3.27,2.19,2.38,1.37
2,Aspen,4,n,0,-1,16,12.8,10.2,2000,0.58,16.3,100,40.5,33.3,7.2,13.09,3.07,4.61,3.70,3.51,1.97,2.57,1.12
2,Pine,0,a,1,1,41,18.1,19.5,1008,0.77,30.1,267.6,109.8,101.6,8.2,11.5,6.09,5.59,4.70,4.62,2.10,2.44,1.81
2,Pine,0,a,1,3,13,5,6.2,3322,0.6,10.1,32.2,12.6,10.3,2.2,6.69,7.37,3.47,2.53,2.33,0.79,1.90,2.00
2,Pine,0,a,1,4,10,3.5,4.1,4052,0.53,5.4,16,6.3,5.4,0.9,3.63,4.3,2.77,1.84,1.69,-0.11,1.29,1.46
2,Pine,0,a,1,0,27,13.6,15.3,1531,0.84,28.2,202.3,82.3,74.7,7.6,7.56,7.38,5.31,4.41,4.31,2.03,2.02,2.00
2,Pine,0,a,1,1,18,8.7,10,2286,0.7,17.8,84.6,33.8,29.4,4.4,10.79,6.59,4.44,3.52,3.38,1.48,2.38,1.89
2,Pine,0,a,1,2,15,6.3,7.4,3182,0.69,13.8,51.9,20.3,16.8,3.5,7.23,6.14,3.95,3.01,2.82,1.25,1.98,1.81
2,Pine,0,a,1,0,31,15.9,16.2,1518,0.85,31.3,262.6,107.7,99.5,8.2,9.31,5.94,5.57,4.68,4.60,2.10,2.23,1.78
2,Birch,2,n,0,-1,10,7.9,3.6,15967,1,16.7,83.3,43.2,35.5,7.7,5.29,3,4.42,3.77,3.57,2.04,1.67,1.10
2,Alder,3,a,1,0,72,27.3,31.2,380,0.73,29,378.6,168.1,142.3,25.7,10.88,1.8,5.94,5.12,4.96,3.25,2.39,0.59
2,Alder,3,a,1,-1,20,16,12.9,1773,0.9,23.2,194.1,78.6,66.5,12.1,7.46,3.53,5.27,4.36,4.20,2.49,2.01,1.26
2,Alder,3,a,1,-1,41,21.9,21.7,922,1.03,34.3,382.5,180.7,158,22.7,8.4,2.68,5.95,5.20,5.06,3.12,2.13,0.99
2,Alder,3,a,1,-2,30,18.1,18.9,1035,1,29,286.4,126,109.4,16.6,7.99,2.18,5.66,4.84,4.70,2.81,2.08,0.78
2,Alder,3,a,1,-1,52,25.1,29.4,422,0.77,28.7,367.2,157.3,136.4,20.9,14.53,2.45,5.91,5.06,4.92,3.04,2.68,0.90
2,Pine,0,a,1,1,26,12.3,10.3,3263,0.85,29.9,189.4,77.5,71.1,6.3,12.95,7.7,5.24,4.35,4.26,1.84,2.56,2.04
2,Pine,0,a,1,1,26,11.6,10.1,2606,0.77,23.6,153.8,62,55.1,6.8,9.86,7.13,5.04,4.13,4.01,1.92,2.29,1.96
2,Pine,0,a,1,-1,43,21.8,24.3,769,0.8,35.5,378.8,156.4,146.5,9.9,34.06,7.84,5.94,5.05,4.99,2.29,3.53,2.06
2,Pine,0,a,1,2,50,18.6,20.3,823,0.67,26.7,263.2,108.2,100.4,7.8,17.86,8.19,5.57,4.68,4.61,2.05,2.88,2.10
2,Pine,0,a,1,2,24,10.7,8.6,3969,0.8,23.2,138.9,56.2,50.3,5.8,6.6,5.35,4.93,4.03,3.92,1.76,1.89,1.68
2,Pine,0,a,1,1,33,15.1,16.1,1353,0.8,27.6,218.8,89.2,81.4,7.8,9.12,6.82,5.39,4.49,4.40,2.05,2.21,1.92
2,Pine,0,a,1,3,10,4,4.7,2688,0.37,4.7,13.5,5.4,4.6,0.8,2.94,1.72,2.60,1.69,1.53,-0.22,1.08,0.54
2,Pine,0,a,1,2,25,10.9,12.2,1321,0.52,15.4,87.5,35.5,32,3.5,10.33,5.24,4.47,3.57,3.47,1.25,2.34,1.66
2,Pine,0,a,1,2,29,12.5,13.2,1707,0.7,23.4,169.4,68.4,61.3,7.2,11.25,6.53,5.13,4.23,4.12,1.97,2.42,1.88
2,Pine,0,a,1,2,21,9.5,9.2,2975,0.7,19.6,133.6,51.9,42.4,9.5,10.21,5.98,4.89,3.95,3.75,2.25,2.32,1.79
2,Pine,0,a,1,1,43,18.9,20.9,763,0.66,26.3,250.6,102.6,94.5,8.1,17,5.6,5.52,4.63,4.55,2.09,2.83,1.72
2,Pine,0,a,1,0,32,16.7,17.4,1540,0.98,36.7,314.1,129.3,120.4,8.9,14.99,8.8,5.75,4.86,4.79,2.19,2.71,2.17
2,Pine,0,a,1,3,15,6.1,7.3,3200,0.69,13.5,49,20.3,17.9,2.4,4.92,4.13,3.89,3.01,2.88,0.88,1.59,1.42
2,Pine,0,a,1,3,17,6.5,7.3,3380,0.7,14.3,53.1,21,17.9,3.1,4.2,3.17,3.97,3.04,2.88,1.13,1.44,1.15
2,Oak,5,n,0,0,103,33.8,47.6,93,0.37,16.6,270.5,136.1,122,14.2,36.87,5.1,5.60,4.91,4.80,2.65,3.61,1.63
2,Oak,5,n,0,2,32,9.5,9.9,1147,0.53,8.8,49.1,29.9,24.7,5.2,9.23,2.95,3.89,3.40,3.21,1.65,2.22,1.08
2,Oak,5,n,0,3,69,17.4,21.9,270,0.35,10.2,76.7,39.9,35.5,4.4,22.65,6.01,4.34,3.69,3.57,1.48,3.12,1.79
2,Oak,5,n,0,1,28,12.9,12.2,508,0.25,5.9,36.1,20.1,17.6,2.5,4.49,1.41,3.59,3.00,2.87,0.92,1.50,0.34
2,Birch,2,a,1,1,45,20.8,16.7,958,0.71,21.1,205.4,107.7,89.3,18.4,11.49,3.64,5.32,4.68,4.49,2.91,2.44,1.29
2,Birch,2,a,1,1,45,21.2,19,683,0.66,19.4,167.1,92.1,74.2,17.9,13.65,4.3,5.12,4.52,4.31,2.88,2.61,1.46
2,Birch,2,a,1,1,45,21.5,19.4,438,0.43,12.9,120,67.9,55,12.9,10.82,2.64,4.79,4.22,4.01,2.56,2.38,0.97
2,Birch,2,n,0,1,22,12.9,7,3400,0.58,13,96.5,42.3,32.4,9.9,7.29,3.59,4.57,3.74,3.48,2.29,1.99,1.28
2,Birch,2,a,1,2,15,11.3,5.8,4713,0.6,12.3,71.5,41.9,32.7,9.2,40.86,16.06,4.27,3.74,3.49,2.22,3.71,2.78
2,Birch,2,a,1,1,59,24.7,24.3,578,0.84,26.9,263.3,150.3,118,32.4,19.48,2.98,5.57,5.01,4.77,3.48,2.97,1.09
2,Birch,2,n,0,2,19,12.4,7.4,4900,0.98,21.1,125.5,55.9,47.3,8.6,4.74,2.12,4.83,4.02,3.86,2.15,1.56,0.75
2,Birch,2,n,0,0,11,5.8,2.5,18400,0.9,10.9,44.6,23.2,20.6,2.6,2.05,1.22,3.80,3.14,3.03,0.96,0.72,0.20
2,Birch,2,n,0,0,11,5.8,2.8,21700,1.06,13.1,50.9,27,23.1,3.9,2.05,1.54,3.93,3.30,3.14,1.36,0.72,0.43
2,Birch,2,n,0,-2,10,6.6,3.2,13933,0.89,11,49.3,24.9,22.3,2.6,5.62,1.54,3.90,3.21,3.10,0.96,1.73,0.43
2,Birch,2,n,0,-1,17,13.7,7.4,3300,0.69,14.1,115.7,59.1,50.1,9,3.13,1.11,4.75,4.08,3.91,2.20,1.14,0.10
2,Birch,2,n,0,-1,10,6.1,2.7,4407,0.75,8.3,34.1,18.5,16.1,2.4,2.02,1.37,3.53,2.92,2.78,0.88,0.70,0.31
2,Birch,2,n,0,-1,10,6.1,3,19100,1.11,13.7,56.7,29.2,23.8,5.4,2.03,1.44,4.04,3.37,3.17,1.69,0.71,0.36
2,Birch,2,n,0,-2,14,13.3,8.5,2010,0.64,11.4,68.4,33.2,30.1,3.2,3.8,0.63,4.23,3.50,3.40,1.16,1.34,-0.46
2,Birch,2,n,0,-2,12,11.3,6.8,1740,0.47,6.4,34,14,12.9,1.1,6.38,0.33,3.53,2.64,2.56,0.10,1.85,-1.11
2,Birch,2,n,0,-2,21,21.3,17.3,579,0.46,13.6,146.6,60.9,55.5,5.4,4.37,0.6,4.99,4.11,4.02,1.69,1.47,-0.51
2,Birch,2,n,0,0,54,23.6,21.8,513,0.61,19.1,200.4,93.1,87.6,5.5,6.01,0.37,5.30,4.53,4.47,1.70,1.79,-0.99
2,Birch,2,n,0,2,81,23.2,22.1,566,0.7,21.7,284.9,125.5,117,8.5,8.29,0.48,5.65,4.83,4.76,2.14,2.12,-0.73
2,Birch,2,n,0,0,55,24.1,23.2,554,0.75,23.4,261.8,105.7,97.5,8.1,7.3,0.45,5.57,4.66,4.58,2.09,1.99,-0.80
2,Birch,2,n,0,0,38,18.5,14.8,1159,0.71,19.8,174.5,97.9,90.7,7.2,15.33,0.87,5.16,4.58,4.51,1.97,2.73,-0.14
2,Birch,2,n,0,-1,39,21.9,18.6,710,0.64,19.3,227.8,124.3,116.1,8.2,12.03,0.51,5.43,4.82,4.75,2.10,2.49,-0.67
2,Birch,2,n,0,-1,21,15.5,11.3,1600,0.64,15.9,127.4,68.3,63.7,4.6,12.46,0.7,4.85,4.22,4.15,1.53,2.52,-0.36
2,Birch,2,n,0,0,34,15.9,11.9,1800,0.78,20.1,151.9,81.7,75.7,6,19.91,1.2,5.02,4.40,4.33,1.79,2.99,0.18
2,Birch,2,n,0,1,38,16,15.1,819,0.57,14.7,131,62,56.6,5.4,12.29,0.57,4.88,4.13,4.04,1.69,2.51,-0.56
2,Birch,2,n,0,2,55,18.6,15.9,622,0.57,12.4,117,64.8,61,3.9,5.31,0.35,4.76,4.17,4.11,1.36,1.67,-1.05
2,Birch,2,n,0,-2,19,13.1,9.8,1468,0.49,11.1,54.4,26.3,23.6,2.6,13.05,0.46,4.00,3.27,3.16,0.96,2.57,-0.78
2,Birch,2,n,0,-1,35,18.5,13,1606,0.77,21.2,204.5,99.2,91.3,7.9,30.68,0.85,5.32,4.60,4.51,2.07,3.42,-0.16
2,Birch,2,n,0,0,31,16.1,14.6,1200,0.79,20.2,158.1,83.3,72.1,11.2,11.21,3.39,5.06,4.42,4.28,2.42,2.42,1.22
2,Birch,2,n,0,0,27,14.2,9.8,1629,0.51,12.1,88.2,42.8,36.2,6.6,2.95,0.9,4.48,3.76,3.59,1.89,1.08,-0.11
2,Birch,2,n,0,1,35,18.2,15.6,864,0.6,16.5,147.2,77.8,66.1,11.8,4.58,1.43,4.99,4.35,4.19,2.47,1.52,0.36
2,Birch,2,n,0,0,37,20.8,17.2,837,0.66,19.3,199.8,103,88.6,14.3,25.81,2.65,5.30,4.63,4.48,2.66,3.25,0.97
2,Birch,2,n,0,-1,59,26.5,33.4,234,0.62,20.4,206.9,113.2,94.7,18.5,22.26,1.66,5.33,4.73,4.55,2.92,3.10,0.51
2,Birch,2,n,0,-1,28,16.7,12.3,1786,0.81,21.2,181.5,96,82.8,13.3,12.76,2.19,5.20,4.56,4.42,2.59,2.55,0.78
2,Birch,2,n,0,-1,20,16.2,10.8,2347,0.84,21.4,178.5,87.8,74.5,13.3,13.06,2.5,5.18,4.48,4.31,2.59,2.57,0.92
2,Birch,2,n,0,-1,40,20.8,16.3,848,0.6,17.8,173.3,97.6,84.4,13.2,15.75,2.28,5.16,4.58,4.44,2.58,2.76,0.82
2,Birch,2,n,0,-1,29,17.1,15.1,947,0.66,16.9,136.5,70.8,59.3,11.5,10.11,2.15,4.92,4.26,4.08,2.44,2.31,0.77
2,Birch,2,n,0,0,20,10.7,7.7,2950,0.69,13.6,77,41,31,9.9,11.53,2.24,4.34,3.71,3.43,2.29,2.44,0.81
2,Birch,2,n,0,-2,23,15,13.2,1390,0.78,18.9,132,69.1,57.1,12,12.61,2.06,4.88,4.24,4.04,2.48,2.53,0.72
2,Birch,2,n,0,-1,23,13.4,8.9,1506,0.41,9.4,71.7,39.7,33.1,6.6,7.03,1.16,4.27,3.68,3.50,1.89,1.95,0.15
2,Birch,2,n,0,-1,35,19.4,18.7,836,0.81,22.9,202.3,111.3,93.1,18.1,10.64,1.98,5.31,4.71,4.53,2.90,2.36,0.68
2,Birch,2,n,0,-1,23,18.4,16.4,1150,0.88,24.2,201.2,100.8,86.8,14,16.98,2.47,5.30,4.61,4.46,2.64,2.83,0.90
2,Birch,2,n,0,-1,11,7,4.1,5217,0.43,6.8,29.2,15.6,11.1,4.5,3.94,0.57,3.37,2.75,2.41,1.50,1.37,-0.56
2,Birch,2,a,1,-1,34,19.4,15.8,1250,0.88,24.6,178.3,97.1,81.8,15.4,10.55,3.54,5.18,4.58,4.40,2.73,2.36,1.26
2,Birch,2,a,1,0,21,9.9,6.6,6600,1.23,22.9,122.5,63.7,48.4,15.4,7.75,3.91,4.81,4.15,3.88,2.73,2.05,1.36
2,Birch,2,a,1,-2,31,19.6,14.4,1340,0.77,21.9,205,113.8,91.7,22.1,15.32,3.75,5.32,4.73,4.52,3.10,2.73,1.32
2,Birch,2,a,1,0,21,10.1,7,5980,1.26,23,132.2,73.2,58.5,14.6,7.45,4.11,4.88,4.29,4.07,2.68,2.01,1.41
2,Birch,2,a,1,-1,60,26.5,27.3,525,0.93,30.7,340.6,175.6,137.2,38.4,22.3,3.73,5.83,5.17,4.92,3.65,3.10,1.32
2,Birch,2,a,1,-2,14,9.7,6.4,3470,0.82,11.1,62.6,32.7,26,6.6,3.65,2.26,4.14,3.49,3.26,1.89,1.29,0.82
2,Birch,2,a,1,-2,8,7.1,3.7,11225,0.82,12,56.4,30.5,19.6,10.9,5.18,3.78,4.03,3.42,2.98,2.39,1.64,1.33
2,Aspen,4,n,0,0,29,19.3,17.7,1407,0.75,32.7,369.6,140,123.2,16.8,25.25,4.56,5.91,4.94,4.81,2.82,3.23,1.52
2,Aspen,4,n,0,0,17,12.4,8.5,3189,0.62,18.1,115.6,46.2,38.2,8,14.49,3.09,4.75,3.83,3.64,2.08,2.67,1.13
2,Aspen,4,n,0,0,26,16.6,15.2,857,0.46,15.6,126.7,47.3,39.3,8,16.04,4.01,4.84,3.86,3.67,2.08,2.78,1.39
2,Aspen,4,n,0,0,40,21.3,19.6,707,0.56,21.4,227.1,89,77,12,22.81,3.97,5.43,4.49,4.34,2.48,3.13,1.38
2,Aspen,4,n,0,0,33,21.2,19.6,871,0.72,26.2,295.7,140.9,123.2,17.7,28.46,3.82,5.69,4.95,4.81,2.87,3.35,1.34
2,Aspen,4,n,0,-1,22,15.7,11,2076,0.59,19.9,161,61,51.5,9.5,10.57,3.23,5.08,4.11,3.94,2.25,2.36,1.17
2,Aspen,4,n,0,-2,15,13.8,8.6,2400,0.54,14.4,107,54.2,42.5,11.8,3.31,2.38,4.67,3.99,3.75,2.47,1.20,0.87
2,Aspen,4,n,0,-1,14,12.9,8.3,3845,0.79,21,146,59.1,51,8.2,15.33,5.1,4.98,4.08,3.93,2.10,2.73,1.63
2,Aspen,4,n,0,-2,42,25.7,26.5,730,0.98,39.8,475,217,195.2,21.8,57.86,5.88,6.16,5.38,5.27,3.08,4.06,1.77
2,Aspen,4,n,0,1,14,9.5,6.1,5875,0.66,16.3,88.1,39.5,33.7,5.7,14.31,4.42,4.48,3.68,3.52,1.74,2.66,1.49
2,Aspen,4,n,0,0,51,25.2,25.3,562,0.7,28.3,314.8,127.3,112.2,15.1,36.06,5.19,5.75,4.85,4.72,2.71,3.59,1.65
2,Aspen,4,n,0,-1,44,25.2,25.9,588,0.75,30.9,359,169.6,152.8,16.8,41.01,6,5.88,5.13,5.03,2.82,3.71,1.79
2,Aspen,4,n,0,-1,18,13,7.4,4492,0.66,19.2,144,66.6,57.4,9.2,7.42,2.13,4.97,4.20,4.05,2.22,2.00,0.76
2,Aspen,4,n,0,-2,16,14.5,10.6,2688,0.8,23.6,177.1,80.2,71.5,8.7,14.9,3.46,5.18,4.38,4.27,2.16,2.70,1.24
2,Aspen,4,n,0,-1,19,15,8.9,1950,0.38,12.2,94.5,38.6,34.5,4.1,6.78,2.53,4.55,3.65,3.54,1.41,1.91,0.93
2,Aspen,4,n,0,-1,21,15.2,10.5,2210,0.59,19,153.9,58.9,52.1,6.8,13.49,2.3,5.04,4.08,3.95,1.92,2.60,0.83
2,Aspen,4,n,0,-1,18,13.2,10.6,1633,0.48,14.3,91.4,36.4,30.5,6,16.27,2.62,4.52,3.59,3.42,1.79,2.79,0.96
2,Aspen,4,n,0,-1,34,18.3,19.3,1079,0.9,31.6,278.7,122.4,101.2,21.2,37.83,5.36,5.63,4.81,4.62,3.05,3.63,1.68
2,Aspen,4,n,0,-1,8,5.4,2.4,38733,0.8,17.1,64.9,29,26.2,2.9,6.34,8.57,4.17,3.37,3.27,1.06,1.85,2.15
2,Aspen,4,n,0,-2,2,3.1,1.1,131400,2.3,13.8,31.4,14.3,10.9,3.5,1.36,2.51,3.45,2.66,2.39,1.25,0.31,0.92
2,Aspen,4,n,0,-2,2,2.7,1.1,125600,2,12.1,28.3,12.9,9.2,3.7,1.93,3.54,3.34,2.56,2.22,1.31,0.66,1.26
2,Aspen,4,n,0,-2,27,18.4,16.2,1312,0.76,27.1,254.7,127.9,118.8,9.1,18.43,2.53,5.54,4.85,4.78,2.21,2.91,0.93
2,Aspen,4,n,0,-1,26,20.4,17.2,1365,0.85,31.8,328.7,122.6,113.9,8.7,27.18,4.35,5.80,4.81,4.74,2.16,3.30,1.47
2,Aspen,4,n,0,2,16,16.5,10.8,1950,0.52,17.7,158.6,62.8,57.3,5.5,4.76,0.96,5.07,4.14,4.05,1.70,1.56,-0.04
2,Aspen,4,n,0,3,24,17,11.7,1513,0.49,16.4,161.6,55.3,49.4,5.8,4.91,1.12,5.09,4.01,3.90,1.76,1.59,0.11
2,Aspen,4,n,0,-1,22,16.8,11.2,1232,0.44,15.1,114.4,42.8,38,4.9,5.85,0.93,4.74,3.76,3.64,1.59,1.77,-0.07
2,Alder,3,n,0,-2,18,12.2,7,3967,0.73,15.2,116.2,51.2,45.3,6,3.2,2.22,4.76,3.94,3.81,1.79,1.16,0.80
2,Alder,3,a,1,-2,42,22.9,19.4,1471,1.25,43.4,552.8,244.6,218.7,25.9,5.63,2.12,6.31,5.50,5.39,3.25,1.73,0.75
2,Alder,3,n,0,-1,27,20.5,18.5,500,0.41,13.4,133.7,62.7,55.3,7.4,3.3,1.69,4.90,4.14,4.01,2.00,1.19,0.52
2,Alder,3,n,0,2,61,20.3,32,219,0.56,17.6,160.1,69.8,61,8.8,2.43,0.97,5.08,4.25,4.11,2.17,0.89,-0.03
2,Alder,3,n,0,0,7,8.3,4.8,5850,0.94,10.8,50.2,21.4,17.9,3.5,2.89,1.94,3.92,3.06,2.88,1.25,1.06,0.66
2,Alder,3,n,0,0,8,7.8,4.4,5900,0.71,9.2,39.8,17.8,15.7,2.1,2.26,2.04,3.68,2.88,2.75,0.74,0.82,0.71
2,Alder,3,n,0,0,16,12.7,9,3225,0.97,20.5,123.6,47.1,42.6,4.5,2.14,1.21,4.82,3.85,3.75,1.50,0.76,0.19
2,Alder,3,n,0,0,15,12.2,8.1,3971,0.99,20.3,141.7,51.9,47.8,4.1,2.11,1.16,4.95,3.95,3.87,1.41,0.75,0.15
2,Birch,2,n,0,2,21,14.3,12.4,2060,1.08,25.1,176.5,100.7,84.6,16.1,16.9,4.74,5.17,4.61,4.44,2.78,2.83,1.56
2,Birch,2,n,0,1,66,21.1,25.6,408,0.71,21,191.6,99.9,80.8,19.1,16.6,2.13,5.26,4.60,4.39,2.95,2.81,0.76
